compound_iso_smiles,target_sequence,affinity
O=C1c2c(c3c4ccc(O)cc4n(C4OC(CO)C(O)C(O)C4O)c3c3[nH]c4cc(O)ccc4c23)C(=O)N1NC(CO)CO,MSANNSPPSAQKSVLPTAIPAVLPAASPCSSPKTGLSARLSNGSFSAPSLTNSRGSVHTVSFLLQIGLTRESVTIEAQELSLSAVKDLVCSIVYQKFPECGFFGMYDKILLFRHDMNSENILQLITSADEIHEGDLVEVVLSALATVEDFQIRPHTLYVHSYKAPTFCDYCGEMLWGLVRQGLKCEGCGLNYHKRCAFKIPNNCSGVRKRRLSNVSLPGPGLSVPRPLQPEYVALPSEESHVHQEPSKRIPSWSGRPIWMEKMVMCRVKVPHTFAVHSYTRPTICQYCKRLLKGLFRQGMQCKDCKFNCHKRCASKVPRDCLGEVTFNGEPSSLGTDTDIPMDIDNNDINSDSSRGLDDTEEPSPPEDKMFFLDPSDLDVERDEEAVKTISPSTSNNIPLMRVVQSIKHTKRKSSTMVKEGWMVHYTSRDNLRKRHYWRLDSKCLTLFQNESGSKYYKEIPLSEILRISSPRDFTNISQGSNPHCFEIITDTMVYFVGENNGDSSHNPVLAATGVGLDVAQSWEKAIRQALMPVTPQASVCTSPGQGKDHKDLSTSISVSNCQIQENVDISTVYQIFADEVLGSGQFGIVYGGKHRKTGRDVAIKVIDKMRFPTKQESQLRNEVAILQNLHHPGIVNLECMFETPERVFVVMEKLHGDMLEMILSSEKSRLPERITKFMVTQILVALRNLHFKNIVHCDLKPENVLLASAEPFPQVKLCDFGFARIIGEKSFRRSVVGTPAYLAPEVLRSKGYNRSLDMWSVGVIIYVSLSGTFPFNEDEDINDQIQNAAFMYPPNPWREISGEAIDLINNLLQVKMRKRYSVDKSLSHPWLQDYQTWLDLREFETRIGERYITHESDDARWEIHAYTHNLVYPKHFIMAPNPDDMEEDP,9.798970004
N#Cc1ccc(NC(=O)Nc2ccnc3cc(C(F)(F)F)ccc23)nc1,MLGAVEGPRWKQAEDIRDIYDFRDVLGTGAFSEVILAEDKRTQKLVAIKCIAKEALEGKEGSMENEIAVLHKIKHPNIVALDDIYESGGHLYLIMQLVSGGELFDRIVEKGFYTERDASRLIFQVLDAVKYLHDLGIVHRDLKPENLLYYSLDEDSKIMISDFGLSKMEDPGSVLSTACGTPGYVAPEVLAQKPYSKAVDCWSIGVIAYILLCGYPPFYDENDAKLFEQILKAEYEFDSPYWDDISDSAKDFIRHLMEKDPEKRFTCEQALQHPWIAGDTALDKNIHQSVSEQIKKNFAKSKWKQAFNATAVVRHMRKLQLGTSQEGQGQTASHGELLTPVAGGPAAGCCCRDCCVEPGTELSPTLPHQL,11.400000202
CCNc1nc2cc(Cl)c(OC)cc2nc1NCC,MEPAAGFLSPRPFQRAAAAPAPPAGPGPPPSALRGPELEMLAGLPTSDPGRLITDPRSGRTYLKGRLLGKGGFARCYEATDTETGSAYAVKVIPQSRVAKPHQREKILNEIELHRDLQHRHIVRFSHHFEDADNIYIFLELCSRKSLAHIWKARHTLLEPEVRYYLRQILSGLKYLHQRGILHRDLKLGNFFITENMELKVGDFGLAARLEPPEQRKKTICGTPNYVAPEVLLRQGHGPEADVWSLGCVMYTLLCGSPPFETADLKETYRCIKQVHYTLPASLSLPARQLLAAILRASPRDRPSIDQILRHDFFTKGYTPDRLPISSCVTVPDLTPPNPARSLFAKVTKSLFGRKKKSKNHAQERDEVSGLVSGLMRTSVGHQDARPEAPAASGPAPVSLVETAPEDSSPRGTLASSGDGFEEGLTVATVVESALCALRNCIAFMPPAEQNPAPLAQPEPLVWVSKWVDYSNKFGFGYQLSSRRVAVLFNDGTHMALSANRKTVHYNPTSTKHFSFSVGAVPRALQPQLGILRYFASYMEQHLMKGGDLPSVEEVEVPAPPLLLQWVKTDQALLMLFSDGTVQVNFYGDHTKLILSGWEPLLVTFVARNRSACTYLASHLRQLGCSPDLRQRLRYALRLLRDRSPA,11.200000128
CNc1ncnc2c1N=C(c1ccc(NC(=O)Nc3cccc(C(F)(F)F)c3)cc1)CCN2,MELRVGNRYRLGRKIGSGSFGDIYLGTDIAAGEEVAIKLECVKTKHPQLHIESKIYKMMQGGVGIPTIRWCGAEGDYNVMVMELLGPSLEDLFNFCSRKFSLKTVLLLADQMISRIEYIHSKNFIHRDVKPDNFLMGLGKKGNLVYIIDFGLAKKYRDARTHQHIPYRENKNLTGTARYASINTHLGIEQSRRDDLESLGYVLMYFNLGSLPWQGLKAATKRQKYERISEKKMSTPIEVLCKGYPSEFATYLNFCRSLRFDDKPDYSYLRQLFRNLFHRQGFSYDYVFDWNMLKFGASRAADDAERERRDREERLRHSRNPATRGLPSTASGRLRGTQEVAPPTPLTPTSHTANTSPRPVSGMERERKVSMRLHRGAPVNISSSDLTGRQDTSRMSTSQIPGRVASSGLQSVVHR,11.200000128
C#Cc1cc2c(cc1OC)-c1[nH]nc(-c3ccc(C#N)nc3)c1C2,MRGARGAWDFLCVLLLLLRVQTGSSQPSVSPGEPSPPSIHPGKSDLIVRVGDEIRLLCTDPGFVKWTFEILDETNENKQNEWITEKAEATNTGKYTCTNKHGLSNSIYVFVRDPAKLFLVDRSLYGKEDNDTLVRCPLTDPEVTNYSLKGCQGKPLPKDLRFIPDPKAGIMIKSVKRAYHRLCLHCSVDQEGKSVLSEKFILKVRPAFKAVPVVSVSKASYLLREGEEFTVTCTIKDVSSSVYSTWKRENSQTKLQEKYNSWHHGDFNYERQATLTISSARVNDSGVFMCYANNTFGSANVTTTLEVVDKGFINIFPMINTTVFVNDGENVDLIVEYEAFPKPEHQQWIYMNRTFTDKWEDYPKSENESNIRYVSELHLTRLKGTEGGTYTFLVSNSDVNAAIAFNVYVNTKPEILTYDRLVNGMLQCVAAGFPEPTIDWYFCPGTEQRCSASVLPVDVQTLNSSGPPFGKLVVQSSIDSSAFKHNGTVECKAYNDVGKTSAYFNFAFKGNNKEQIHPHTLFTPLLIGFVIVAGMMCIIVMILTYKYLQKPMYEVQWKVVEEINGNNYVYIDPTQLPYDHKWEFPRNRLSFGKTLGAGAFGKVVEATAYGLIKSDAAMTVAVKMLKPSAHLTEREALMSELKVLSYLGNHMNIVNLLGACTIGGPTLVITEYCCYGDLLNFLRRKRDSFICSKQEDHAEAALYKNLLHSKESSCSDSTNEYMDMKPGVSYVVPTKADKRRSVRIGSYIERDVTPAIMEDDELALDLEDLLSFSYQVAKGMAFLASKNCIHRDLAARNILLTHGRITKICDFGLARDIKNDSNYVVKGNARLPVKWMAPESIFNCVYTFESDVWSYGIFLWELFSLGSSPYPGMPVDSKFYKMIKEGFRMLSPEHAPAEMYDIMKTCWDADPLKRPTFKQIVQLIEKQISESTNHIYSNLANCSPNRQKPVVDHSVRINSVGSTASSSQPLLVHDDV,11.999998417
COC1C(N(C)C(=O)c2cccc([N+](=O)[O-])c2)CC2OC1(C)n1c3ccccc3c3c4c(c5c6ccccc6n2c5c31)C(=O)NC4,MVVFNGLLKIKICEAVSLKPTAWSLRHAVGPRPQTFLLDPYIALNVDDSRIGQTATKQKTNSPAWHDEFVTDVCNGRKIELAVFHDAPIGYDDFVANCTIQFEELLQNGSRHFEDWIDLEPEGRVYVIIDLSGSSGEAPKDNEERVFRERMRPRKRQGAVRRRVHQVNGHKFMATYLRQPTYCSHCRDFIWGVIGKQGYQCQVCTCVVHKRCHELIITKCAGLKKQETPDQVGSQRFSVNMPHKFGIHNYKVPTFCDHCGSLLWGLLRQGLQCKVCKMNVHRRCETNVAPNCGVDARGIAKVLADLGVTPDKITNSGQRRKKLIAGAESPQPASGSSPSEEDRSKSAPTSPCDQEIKELENNIRKALSFDNRGEEHRAASSPDGQLMSPGENGEVRQGQAKRLGLDEFNFIKVLGKGSFGKVMLAELKGKDEVYAVKVLKKDVILQDDDVDCTMTEKRILALARKHPYLTQLYCCFQTKDRLFFVMEYVNGGDLMFQIQRSRKFDEPRSRFYAAEVTSALMFLHQHGVIYRDLKLDNILLDAEGHCKLADFGMCKEGILNGVTTTTFCGTPDYIAPEILQELEYGPSVDWWALGVLMYEMMAGQPPFEADNEDDLFESILHDDVLYPVWLSKEAVSILKAFMTKNPHKRLGCVASQNGEDAIKQHPFFKEIDWVLLEQKKIKPPFKPRIKTKRDVNNFDQDFTREEPVLTLVDEAIVKQINQEEFKGFSYFGEDLMP,13.300659451
CCCC(=O)Nc1cccc(-c2nc(Nc3ccc4[nH]ncc4c3)c3cc(OCCN4CCCC4)ccc3n2)c1,MATITCTRFTEEYQLFEELGKGAFSVVRRCVKVLAGQEYAAKIINTKKLSARDHQKLEREARICRLLKHPNIVRLHDSISEEGHHYLIFDLVTGGELFEDIVAREYYSEADASHCIQQILEAVLHCHQMGVVHRDLKPENLLLASKLKGAAVKLADFGLAIEVEGEQQAWFGFAGTPGYLSPEVLRKDPYGKPVDLWACGVILYILLVGYPPFWDEDQHRLYQQIKAGAYDFPSPEWDTVTPEAKDLINKMLTINPSKRITAAEALKHPWISHRSTVASCMHRQETVDCLKKFNARRKLKGAILTTMLATRNFSGGKSGGNKKSDGVKESSESTNTTIEDEDTKVRKQEIIKVTEQLIEAISNGDFESYTKMCDPGMTAFEPEALGNLVEGLDFHRFYFENLWSRNSKPVHTTILNPHIHLMGDESACIAYIRITQYLDAGGIPRTAQSEETRVWHRRDGKWQIVHFHRSGAPSVLPH,11.200000128
Cc1cccc(NC(=O)Nc2ccc(-c3csc4c(C#CCN5CCOCC5)cnc(N)c34)cc2)c1,MQSKVLLAVALWLCVETRAASVGLPSVSLDLPRLSIQKDILTIKANTTLQITCRGQRDLDWLWPNNQSGSEQRVEVTECSDGLFCKTLTIPKVIGNDTGAYKCFYRETDLASVIYVYVQDYRSPFIASVSDQHGVVYITENKNKTVVIPCLGSISNLNVSLCARYPEKRFVPDGNRISWDSKKGFTIPSYMISYAGMVFCEAKINDESYQSIMYIVVVVGYRIYDVVLSPSHGIELSVGEKLVLNCTARTELNVGIDFNWEYPSSKHQHKKLVNRDLKTQSGSEMKKFLSTLTIDGVTRSDQGLYTCAASSGLMTKKNSTFVRVHEKPFVAFGSGMESLVEATVGERVRIPAKYLGYPPPEIKWYKNGIPLESNHTIKAGHVLTIMEVSERDTGNYTVILTNPISKEKQSHVVSLVVYVPPQIGEKSLISPVDSYQYGTTQTLTCTVYAIPPPHHIHWYWQLEEECANEPSQAVSVTNPYPCEEWRSVEDFQGGNKIEVNKNQFALIEGKNKTVSTLVIQAANVSALYKCEAVNKVGRGERVISFHVTRGPEITLQPDMQPTEQESVSLWCTADRSTFENLTWYKLGPQPLPIHVGELPTPVCKNLDTLWKLNATMFSNSTNDILIMELKNASLQDQGDYVCLAQDRKTKKRHCVVRQLTVLERVAPTITGNLENQTTSIGESIEVSCTASGNPPPQIMWFKDNETLVEDSGIVLKDGNRNLTIRRVRKEDEGLYTCQACSVLGCAKVEAFFIIEGAQEKTNLEIIILVGTAVIAMFFWLLLVIILRTVKRANGGELKTGYLSIVMDPDELPLDEHCERLPYDASKWEFPRDRLKLGKPLGRGAFGQVIEADAFGIDKTATCRTVAVKMLKEGATHSEHRALMSELKILIHIGHHLNVVNLLGACTKPGGPLMVIVEFCKFGNLSTYLRSKRNEFVPYKTKGARFRQGKDYVGAIPVDLKRRLDSITSSQSSASSGFVEEKSLSDVEEEEAPEDLYKDFLTLEHLICYSFQVAKGMEFLASRKCIHRDLAARNILLSEKNVVKICDFGLARDIYKDPDYVRKGDARLPLKWMAPETIFDRVYTIQSDVWSFGVLLWEIFSLGASPYPGVKIDEEFCRRLKEGTRMRAPDYTTPEMYQTMLDCWHGEPSQRPTFSELVEHLGNLLQANAQQDGKDYIVLPISETLSMEEDSGLSLPTSPVSCMEEEEVCDPKFHYDNTAGISQYLQNSKRKSRPVSVKTFEDIPLEEPEVKVIPDDNQTDSGMVLASEELKTLEDRTKLSPSFGGMVPSKSRESVASEGSNQTSGYQSGYHSDDTDTTVYSSEEAELLKLIEIGVQTGSTAQILQPDSGTTLSSPPV,14.600312917
Cc1[nH]c(C=C2C(=O)Nc3ccccc32)c(C)c1CCC(=O)O,MRPSGTAGAALLALLAALCPASRALEEKKVCQGTSNKLTQLGTFEDHFLSLQRMFNNCEVVLGNLEITYVQRNYDLSFLKTIQEVAGYVLIALNTVERIPLENLQIIRGNMYYENSYALAVLSNYDANKTGLKELPMRNLQEILHGAVRFSNNPALCNVESIQWRDIVSSDFLSNMSMDFQNHLGSCQKCDPSCPNGSCWGAGEENCQKLTKIICAQQCSGRCRGKSPSDCCHNQCAAGCTGPRESDCLVCRKFRDEATCKDTCPPLMLYNPTTYQMDVNPEGKYSFGATCVKKCPRNYVVTDHGSCVRACGADSYEMEEDGVRKCKKCEGPCRKVCNGIGIGEFKDSLSINATNIKHFKNCTSISGDLHILPVAFRGDSFTHTPPLDPQELDILKTVKEITGFLLIQAWPENRTDLHAFENLEIIRGRTKQHGQFSLAVVSLNITSLGLRSLKEISDGDVIISGNKNLCYANTINWKKLFGTSGQKTKIISNRGENSCKATGQVCHALCSPEGCWGPEPRDCVSCRNVSRGRECVDKCNLLEGEPREFVENSECIQCHPECLPQAMNITCTGRGPDNCIQCAHYIDGPHCVKTCPAGVMGENNTLVWKYADAGHVCHLCHPNCTYGCTGPGLEGCPTNGPKIPSIATGMVGALLLLLVVALGIGLFMRRRHIVRKRTLRRLLQERELVEPLTPSGEAPNQALLRILKETEFKKIKVLGSGAFGTVYKGLWIPEGEKVKIPVAIKELREATSPKANKEILDEAYVMASVDNPHVCRLLGICLTSTVQLITQLMPFGCLLDYVREHKDNIGSQYLLNWCVQIAKGMNYLEDRRLVHRDLAARNVLVKTPQHVKITDFGLAKLLGAEEKEYHAEGGKVPIKWMALESILHRIYTHQSDVWSYGVTVWELMTFGSKPYDGIPASEISSILEKGERLPQPPICTIDVYMIMVKCWMIDADSRPKFRELIIEFSKMARDPQRYLVIQGDERMHLPSPTDSNFYRALMDEEDMDDVVDADEYLIPQQGFFSSPSTSRTPLLSSLSATSNNSTVACIDRNGLQSCPIKEDSFLQRYSSDPTGALTEDSIDDTFLPVPEYINQSVPKRPAGSVQNPVYHNQPLNPAPSRDPHYQDPHSTAVGNPEYLNTVQPTCVNSTFDSPAHWAQKGSHQISLDNPDYQQDFFPKEAKPNGIFKGSTAENAEYLRVAPQSSEFIGA,11.800000504
Cc1nnc(-c2cc3c(Oc4ccc(C(F)(F)F)cc4)cncc3s2)o1,MAVPFVEDWDLVQTLGEGAYGEVQLAVNRVTEEAVAVKIVDMKRAVDCPENIKKEICINKMLNHENVVKFYGHRREGNIQYLFLEYCSGGELFDRIEPDIGMPEPDAQRFFHQLMAGVVYLHGIGITHRDIKPENLLLDERDNLKISDFGLATVFRYNNRERLLNKMCGTLPYVAPELLKRREFHAEPVDVWSCGIVLTAMLAGELPWDQPSDSCQEYSDWKEKKTYLNPWKKIDSAPLALLHKILVENPSARITIPDIKKDRWYNKPLKKGAKRPRVTSGGVSESPSGFSKHIQSNLDFSPVNSASSEENVKYSSSQPEPRTGLSLWDTSPSYIDKLVQGISFSQPTCPDHMLLNSQLLGTPGSSQNPWQRLVKRMTRFFTKLDADKSYQCLKETCEKLGYQWKKSCMNQVTISTTDRRNNKLIFKVNLLEMDDKILVDFRLSKGDGLEFKRHFLKIKGKLIDIVSSQKIWLPAT,11.200000128
N#Cc1c2c3cc(Cl)ccc3oc(N)c-2c(=O)[nH]c1=O,MSGGGPSGGGPGGSGRARTSSFAEPGGGGGGGGGGPGGSASGPGGTGGGKASVGAMGGGVGASSSGGGPGGSGGGGSGGPGAGTSFPPPGVKLGRDSGKVTTVVATLGQGPERSQEVAYTDIKVIGNGSFGVVYQARLAETRELVAIKKVLQDKRFKNRELQIMRKLDHCNIVRLRYFFYSSGEKKDELYLNLVLEYVPETVYRVARHFTKAKLTIPILYVKVYMYQLFRSLAYIHSQGVCHRDIKPQNLLVDPDTAVLKLCDFGSAKQLVRGEPNVSYICSRYYRAPELIFGATDYTSSIDVWSAGCVLAELLLGQPIFPGDSGVDQLVEIIKVLGTPTREQIREMNPNYTEFKFPQIKAHPWTKVFKSRTPPEAIALCSSLLEYTPSSRLSPLEACAHSFFDELRCLGTQLPNNRPLPPLFNFSAGELSIQPSLNAILIPPHLRSPAGTTTLTPSSQALTETPTSSDWQSTDATPTLTNSS,13.1
Cc1ccc(C(=O)Nc2ccon2)cc1Nc1ncnc2c1cnn2-c1ccccc1,MDHPSREKDERQRTTKPMAQRSAHCSRPSGSSSSSGVLMVGPNFRVGKKIGCGNFGELRLGKNLYTNEYVAIKLEPIKSRAPQLHLEYRFYKQLGSAGEGLPQVYYFGPCGKYNAMVLELLGPSLEDLFDLCDRTFTLKTVLMIAIQLLSRMEYVHSKNLIYRDVKPENFLIGRQGNKKEHVIHIIDFGLAKEYIDPETKKHIPYREHKSLTGTARYMSINTHLGKEQSRRDDLEALGHMFMYFLRGSLPWQGLKADTLKERYQKIGDTKRNTPIEALCENFPEEMATYLRYVRRLDFFEKPDYEYLRTLFTDLFEKKGYTFDYAYDWVGRPIPTPVGSVHVDSGASAITRESHTHRDRPSQQQPLRNQVVSSTNGELNVDDPTGAHSNAPITAHAEVEVVEEAKCCCFFKRKRKKTAQRHK,11.300000237
CCCc1ccc2nccc(NC(=O)Nc3cccc(C(F)(F)F)n3)c2c1,MSRSKRDNNFYSVEIGDSTFTVLKRYQNLKPIGSGAQGIVCAAYDAILERNVAIKKLSRPFQNQTHAKRAYRELVLMKCVNHKNIIGLLNVFTPQKSLEEFQDVYIVMELMDANLCQVIQMELDHERMSYLLYQMLCGIKHLHSAGIIHRDLKPSNIVVKSDCTLKILDFGLARTAGTSFMMTPYVVTRYYRAPEVILGMGYKENVDLWSVGCIMGEMVCHKILFPGRDYIDQWNKVIEQLGTPCPEFMKKLQPTVRTYVENRPKYAGYSFEKLFPDVLFPADSEHNKLKASQARDLLSKMLVIDASKRISVDEALQHPYINVWYDPSEAEAPPPKIPDKQLDEREHTIEEWKELIYKEVMDLEERTKNGVIRGQPSPLGAAVINGSQHPSSSSSVNDVSSMSTDPTLASDTDSSLEAAAGPLGCCR,11.400000202
O=C(Cc1ccc2ccccc2c1)Nc1cc(C2CC2)[nH]n1,MAQKENSYPWPYGRQTAPSGLSTLPQRVLRKEPVTPSALVLMSRSNVQPTAAPGQKVMENSSGTPDILTRHFTIDDFEIGRPLGKGKFGNVYLAREKKSHFIVALKVLFKSQIEKEGVEHQLRREIEIQAHLHHPNILRLYNYFYDRRRIYLILEYAPRGELYKELQKSCTFDEQRTATIMEELADALMYCHGKKVIHRDIKPENLLLGLKGELKIADFGWSVHAPSLRRKTMCGTLDYLPPEMIEGRMHNEKVDLWCIGVLCYELLVGNPPFESASHNETYRRIVKVDLKFPASVPMGAQDLISKLLRHNPSERLPLAQVSAHPWVRANSRRVLPPSALQSVA,11.1
Cc1ccc(F)c(NC(=O)Nc2ccc(-c3cncc4c3c(N)nn4C)cc2)c1,MDGETAEEQGGPVPPPVAPGGPGLGGAPGGRREPKKYAVTDDYQLSKQVLGLGVNGKVLECFHRRTGQKCALKLLYDSPKARQEVDHHWQASGGPHIVCILDVYENMHHGKRCLLIIMECMEGGELFSRIQERGDQAFTEREAAEIMRDIGTAIQFLHSHNIAHRDVKPENLLYTSKEKDAVLKLTDFGFAKETTQNALQTPCYTPYYVAPEVLGPEKYDKSCDMWSLGVIMYILLCGFPPFYSNTGQAISPGMKRRIRLGQYGFPNPEWSEVSEDAKQLIRLLLKTDPTERLTITQFMNHPWINQSMVVPQTPLHTARVLQEDKDHWDEVKEEMTSALATMRVDYDQVKIKDLKTSNNRLLNKRRKKQAGSSSASQGCNNQ,11.1
NCCNS(=O)(=O)c1cccc2cnccc12,MADPAAGPPPSEGEESTVRFARKGALRQKNVHEVKNHKFTARFFKQPTFCSHCTDFIWGFGKQGFQCQVCCFVVHKRCHEFVTFSCPGADKGPASDDPRSKHKFKIHTYSSPTFCDHCGSLLYGLIHQGMKCDTCMMNVHKRCVMNVPSLCGTDHTERRGRIYIQAHIDRDVLIVLVRDAKNLVPMDPNGLSDPYVKLKLIPDPKSESKQKTKTIKCSLNPEWNETFRFQLKESDKDRRLSVEIWDWDLTSRNDFMGSLSFGISELQKASVDGWFKLLSQEEGEYFNVPVPPEGSEANEELRQKFERAKISQGTKVPEEKTTNTVSKFDNNGNRDRMKLTDFNFLMVLGKGSFGKVMLSERKGTDELYAVKILKKDVVIQDDDVECTMVEKRVLALPGKPPFLTQLHSCFQTMDRLYFVMEYVNGGDLMYHIQQVGRFKEPHAVFYAAEIAIGLFFLQSKGIIYRDLKLDNVMLDSEGHIKIADFGMCKENIWDGVTTKTFCGTPDYIAPEIIAYQPYGKSVDWWAFGVLLYEMLAGQAPFEGEDEDELFQSIMEHNVAYPKSMSKEAVAICKGLMTKHPGKRLGCGPEGERDIKEHAFFRYIDWEKLERKEIQPPYKPKARDKRDTSNFDKEFTRQPVELTPTDKLFIMNLDQNEFAGFSYTNPEFVINV,11.25490196
CCCNC(=O)c1ccc(Nc2nc(NCC(F)(F)F)c3sccc3n2)cc1,MSANNSPPSAQKSVLPTAIPAVLPAASPCSSPKTGLSARLSNGSFSAPSLTNSRGSVHTVSFLLQIGLTRESVTIEAQELSLSAVKDLVCSIVYQKFPECGFFGMYDKILLFRHDMNSENILQLITSADEIHEGDLVEVVLSALATVEDFQIRPHTLYVHSYKAPTFCDYCGEMLWGLVRQGLKCEGCGLNYHKRCAFKIPNNCSGVRKRRLSNVSLPGPGLSVPRPLQPEYVALPSEESHVHQEPSKRIPSWSGRPIWMEKMVMCRVKVPHTFAVHSYTRPTICQYCKRLLKGLFRQGMQCKDCKFNCHKRCASKVPRDCLGEVTFNGEPSSLGTDTDIPMDIDNNDINSDSSRGLDDTEEPSPPEDKMFFLDPSDLDVERDEEAVKTISPSTSNNIPLMRVVQSIKHTKRKSSTMVKEGWMVHYTSRDNLRKRHYWRLDSKCLTLFQNESGSKYYKEIPLSEILRISSPRDFTNISQGSNPHCFEIITDTMVYFVGENNGDSSHNPVLAATGVGLDVAQSWEKAIRQALMPVTPQASVCTSPGQGKDHKDLSTSISVSNCQIQENVDISTVYQIFADEVLGSGQFGIVYGGKHRKTGRDVAIKVIDKMRFPTKQESQLRNEVAILQNLHHPGIVNLECMFETPERVFVVMEKLHGDMLEMILSSEKSRLPERITKFMVTQILVALRNLHFKNIVHCDLKPENVLLASAEPFPQVKLCDFGFARIIGEKSFRRSVVGTPAYLAPEVLRSKGYNRSLDMWSVGVIIYVSLSGTFPFNEDEDINDQIQNAAFMYPPNPWREISGEAIDLINNLLQVKMRKRYSVDKSLSHPWLQDYQTWLDLREFETRIGERYITHESDDARWEIHAYTHNLVYPKHFIMAPNPDDMEEDP,11.500000186
COc1ccc(C=C2SC(Nc3ccccc3)=NC2=O)cc1O,MSSARTPLPTLNERDTEQPTLGHLDSKPSSKSNMIRGRNSATSADEQPHIGNYRLLKTIGKGNFAKVKLARHILTGKEVAVKIIDKTQLNSSSLQKLFREVRIMKVLNHPNIVKLFEVIETEKTLYLVMEYASGGEVFDYLVAHGRMKEKEARAKFRQIVSAVQYCHQKFIVHRDLKAENLLLDADMNIKIADFGFSNEFTFGNKLDTFCGSPPYAAPELFQGKKYDGPEVDVWSLGVILYTLVSGSLPFDGQNLKELRERVLRGKYRIPFYMSTDCENLLKKFLILNPSKRGTLEQIMKDRWMNVGHEDDELKPYVEPLPDYKDPRRTELMVSMGYTREEIQDSLVGQRYNEVMATYLLLGYKSSELEGDTITLKPRPSADLTNSSAPSPSHKVQRSVSANPKQRRFSDQAAGPAIPTSNSYSKKTQSNNAENKRPEEDRESGRKASSTAKVPASPLPGLERKKTTPTPSTNSVLSTSTNRSRNSPLLERASLGQASIQNGKDSLTMPGSRASTASASAAVSAARPRQHQKSMSASVHPNKASGLPPTESNCEVPRPSTAPQRVPVASPSAHNISSSGGAPDRTNFPRGVSSRSTFHAGQLRQVRDQQNLPYGVTPASPSGHSQGRRGASGSIFSKFTSKFVRRNLSFRFARRNLNEPESKDRVETLRPHVVGSGGNDKEKEEFREAKPRSLRFTWSMKTTSSMEPNEMMREIRKVLDANSCQSELHEKYMLLCMHGTPGHEDFVQWEMEVCKLPRLSLNGVRFKRISGTSMAFKNIASKIANELKL,11.200000128
COc1cccc2c1Nc1cc(Nc3ccncc3)ccc1C(=O)N2,MEPAAGFLSPRPFQRAAAAPAPPAGPGPPPSALRGPELEMLAGLPTSDPGRLITDPRSGRTYLKGRLLGKGGFARCYEATDTETGSAYAVKVIPQSRVAKPHQREKILNEIELHRDLQHRHIVRFSHHFEDADNIYIFLELCSRKSLAHIWKARHTLLEPEVRYYLRQILSGLKYLHQRGILHRDLKLGNFFITENMELKVGDFGLAARLEPPEQRKKTICGTPNYVAPEVLLRQGHGPEADVWSLGCVMYTLLCGSPPFETADLKETYRCIKQVHYTLPASLSLPARQLLAAILRASPRDRPSIDQILRHDFFTKGYTPDRLPISSCVTVPDLTPPNPARSLFAKVTKSLFGRKKKSKNHAQERDEVSGLVSGLMRTSVGHQDARPEAPAASGPAPVSLVETAPEDSSPRGTLASSGDGFEEGLTVATVVESALCALRNCIAFMPPAEQNPAPLAQPEPLVWVSKWVDYSNKFGFGYQLSSRRVAVLFNDGTHMALSANRKTVHYNPTSTKHFSFSVGAVPRALQPQLGILRYFASYMEQHLMKGGDLPSVEEVEVPAPPLLLQWVKTDQALLMLFSDGTVQVNFYGDHTKLILSGWEPLLVTFVARNRSACTYLASHLRQLGCSPDLRQRLRYALRLLRDRSPA,11.200000128
CC(C)(C)C(=O)Oc1ccc2c(c1)nc(NC(=O)c1cccc([N+](=O)[O-])c1)n2CCCO,MSRESDVEAQQSHGSSACSQPHGSVTQSQGSSSQSQGISSSSTSTMPNSSQSSHSSSGTLSSLETVSTQELYSIPEDQEPEDQEPEEPTPAPWARLWALQDGFANLECVNDNYWFGRDKSCEYCFDEPLLKRTDKYRTYSKKHFRIFREVGPKNSYIAYIEDHSGNGTFVNTELVGKGKRRPLNNNSEIALSLSRNKVFVFFDLTVDDQSVYPKALRDEYIMSKTLGSGACGEVKLAFERKTCKKVAIKIISKRKFAIGSAREADPALNVETEIEILKKLNHPCIIKIKNFFDAEDYYIVLELMEGGELFDKVVGNKRLKEATCKLYFYQMLLAVQYLHENGIIHRDLKPENVLLSSQEEDCLIKITDFGHSKILGETSLMRTLCGTPTYLAPEVLVSVGTAGYNRAVDCWSLGVILFICLSGYPPFSEHRTQVSLKDQITSGKYNFIPEVWAEVSEKALDLVKKLLVVDPKARFTTEEALRHPWLQDEDMKRKFQDLLSEENESTALPQVLAQPSTSRKRPREGEAEGAETTKRPAVCAAVL,11.400000202
Nc1cc(=O)[nH]n1-c1ccccn1,MVDGVMILPVLIMIALPSPSMEDEKPKVNPKLYMCVCEGLSCGNEDHCEGQQCFSSLSINDGFHVYQKGCFQVYEQGKMTCKTPPSPGQAVECCQGDWCNRNITAQLPTKGKSFPGTQNFHLEVGLIILSVVFAVCLLACLLGVALRKFKRRNQERLNPRDVEYGTIEGLITTNVGDSTLADLLDHSCTSGSGSGLPFLVQRTVARQITLLECVGKGRYGEVWRGSWQGENVAVKIFSSRDEKSWFRETELYNTVMLRHENILGFIASDMTSRHSSTQLWLITHYHEMGSLYDYLQLTTLDTVSCLRIVLSIASGLAHLHIEIFGTQGKPAIAHRDLKSKNILVKKNGQCCIADLGLAVMHSQSTNQLDVGNNPRVGTKRYMAPEVLDETIQVDCFDSYKRVDIWAFGLVLWEVARRMVSNGIVEDYKPPFYDVVPNDPSFEDMRKVVCVDQQRPNIPNRWFSDPTLTSLAKLMKECWYQNPSARLTALRIKKTLTKIDNSLDKLKTDC,10.900000053
O=C1Nc2cc(CCOc3ccc(N4CCOCC4)cc3)ccc2Nc2cc(-c3cn(Cc4cc(F)c(F)c(F)c4)c4cnccc34)ccc21,MGAPACALALCVAVAIVAGASSESLGTEQRVVGRAAEVPGPEPGQQEQLVFGSGDAVELSCPPPGGGPMGPTVWVKDGTGLVPSERVLVGPQRLQVLNASHEDSGAYSCRQRLTQRVLCHFSVRVTDAPSSGDDEDGEDEAEDTGVDTGAPYWTRPERMDKKLLAVPAANTVRFRCPAAGNPTPSISWLKNGREFRGEHRIGGIKLRHQQWSLVMESVVPSDRGNYTCVVENKFGSIRQTYTLDVLERSPHRPILQAGLPANQTAVLGSDVEFHCKVYSDAQPHIQWLKHVEVNGSKVGPDGTPYVTVLKTAGANTTDKELEVLSLHNVTFEDAGEYTCLAGNSIGFSHHSAWLVVLPAEEELVEADEAGSVYAGILSYGVGFFLFILVVAAVTLCRLRSPPKKGLGSPTVHKISRFPLKRQVSLESNASMSSNTPLVRIARLSSGEGPTLANVSELELPADPKWELSRARLTLGKPLGEGCFGQVVMAEAIGIDKDRAAKPVTVAVKMLKDDATDKDLSDLVSEMEMMKMIGKHKNIINLLGACTQGGPLYVLVEYAAKGNLREFLRARRPPGLDYSFDTCKPPEEQLTFKDLVSCAYQVARGMEYLASQKCIHRDLAARNVLVTEDNVMKIADFGLARDVHNLDYYKKTTNGRLPVKWMAPEALFDRVYTHQSDVWSFGVLLWEIFTLGGSPYPGIPVEELFKLLKEGHRMDKPANCTHDLYMIMRECWHAAPSQRPTFKQLVEDLDRVLTVTSTDEYLDLSAPFEQYSPGGQDTPSSSSSGDDSVFAHDLLPPAPPSSGGSRT,11.800000504
Cc1cc(C)cc(NC(=O)Nc2ccc(-c3cccc4snc(N)c34)cc2)c1,MEQPPAPKSKLKKLSEDSLTKQPEEVFDVLEKLGEGSYGSVFKAIHKESGQVVAIKQVPVESDLQEIIKEISIMQQCDSPYVVKYYGSYFKNTDLWIVMEYCGAGSVSDIIRLRNKTLIEDEIATILKSTLKGLEYLHFMRKIHRDIKAGNILLNTEGHAKLADFGVAGQLTDTMAKRNTVIGTPFWMAPEVIQEIGYNCVADIWSLGITSIEMAEGKPPYADIHPMRAIFMIPTNPPPTFRKPELWSDDFTDFVKKCLVKNPEQRATATQLLQHPFIKNAKPVSILRDLITEAMEIKAKRHEEQQRELEEEEENSDEDELDSHTMVKTSVESVGTMRATSTMSEGAQTMIEHNSTMLESDLGTMVINSEDEEEEDGTMKRNATSPQVQRPSFMDYFDKQDFKNKSHENCNQNMHEPFPMSKNVFPDNWKVPQDGDFDFLKNLSLEELQMRLKALDPMMEREIEELRQRYTAKRQPILDAMDAKKRRQQNF,11.200000128
COc1ccc(-c2ccc(N)cc2)c2cnoc12,MAVPFVEDWDLVQTLGEGAYGEVQLAVNRVTEEAVAVKIVDMKRAVDCPENIKKEICINKMLNHENVVKFYGHRREGNIQYLFLEYCSGGELFDRIEPDIGMPEPDAQRFFHQLMAGVVYLHGIGITHRDIKPENLLLDERDNLKISDFGLATVFRYNNRERLLNKMCGTLPYVAPELLKRREFHAEPVDVWSCGIVLTAMLAGELPWDQPSDSCQEYSDWKEKKTYLNPWKKIDSAPLALLHKILVENPSARITIPDIKKDRWYNKPLKKGAKRPRVTSGGVSESPSGFSKHIQSNLDFSPVNSASSEENVKYSSSQPEPRTGLSLWDTSPSYIDKLVQGISFSQPTCPDHMLLNSQLLGTPGSSQNPWQRLVKRMTRFFTKLDADKSYQCLKETCEKLGYQWKKSCMNQVTISTTDRRNNKLIFKVNLLEMDDKILVDFRLSKGDGLEFKRHFLKIKGKLIDIVSSQKIWLPAT,11.500000186
OCCCNc1ncnc2[nH]cc(-c3ccccc3)c12,MATTVTCTRFTDEYQLYEDIGKGAFSVVRRCVKLCTGHEYAAKIINTKKLSARDHQKLEREARICRLLKHSNIVRLHDSISEEGFHYLVFDLVTGGELFEDIVAREYYSEADASHCIQQILEAVLHCHQMGVVHRDLKPENLLLASKCKGAAVKLADFGLAIEVQGDQQAWFGFAGTPGYLSPEVLRKEAYGKPVDIWACGVILYILLVGYPPFWDEDQHKLYQQIKAGAYDFPSPEWDTVTPEAKNLINQMLTINPAKRITAHEALKHPWVCQRSTVASMMHRQETVECLKKFNARRKLKGAILTTMLATRNFSVGRQTTAPATMSTAASGTTMGLVEQAKSLLNKKADGVKPQTNSTKNSAAATSPKGTLPPAALEPQTTVIHNPVDGIKESSDSANTTIEDEDAKAPRVPDILSSVRRGSGAPEAEGPLPCPSPAPFSPLPAPSPRISDILNSVRRGSGTPEAEGPLSAGPPPCLSPALLGPLSSPSPRISDILNSVRRGSGTPEAEGPSPVGPPPCPSPTIPGPLPTPSRKQEIIKTTEQLIEAVNNGDFEAYAKICDPGLTSFEPEALGNLVEGMDFHRFYFENLLAKNSKPIHTTILNPHVHVIGEDAACIAYIRLTQYIDGQGRPRTSQSEETRVWHRRDGKWQNVHFHCSGAPVAPLQ,12.1
CSc1c[nH]c2ncnc(NCCCO)c12,MSTIQSETDCYDIIEVLGKGTFGEVAKGWRRSTGEMVAIKILKNDAYRNRIIKNELKLLHCMRGLDPEEAHVIRFLEFFHDALKFYLVFELLEQNLFEFQKENNFAPLPARHIRTVTLQVLTALARLKELAIIHADLKPENIMLVDQTRCPFRVKVIDFGSASIFSEVRYVKEPYIQSRFYRAPEILLGLPFCEKVDVWSLGCVMAELHLGWPLYPGNNEYDQVRYICETQGLPKPHLLHAACKAHHFFKRNPHPDAANPWQLKSSADYLAETKVRPLERRKYMLKSLDQIETVNGGSVASRLTFPDREALAEHADLKSMVELIKRMLTWESHERISPSAALRHPFVSMQQLRSAHETTHYYQLSLRSYRLSLQVEGKPPTPVVAAEDGTPYYCLAEEKEAAGMGSVAGSSPFFREEKAPGMQRAIDQLDDLSLQEAGHGLWGETCTNAVSDMMVPLKAAITGHHVPDSGPEPILAFYSSRLAGRHKARKPPAGSKSDSNFSNLIRLSQVSPEDDRPCRGSSWEEGEHLGASAEPLAILQRDEDGPNIDNMTMEAERPDPELFDPSSCPGEWLSEPDCTLESVRGPRAQGLPPRRSHQHGPPRGATSFLQHVTGHH,11.300000237
CC(C)S(=O)(=O)n1c(N)nc2ccc(-c3c(-c4ccc(F)cc4)nc4sccn34)cc21,MSAAVTAGKLARAPADPGKAGVPGVAAPGAPAAAPPAKEIPEVLVDPRSRRRYVRGRFLGKGGFAKCFEISDADTKEVFAGKIVPKSLLLKPHQREKMSMEISIHRSLAHQHVVGFHGFFEDNDFVFVVLELCRRRSLLELHKRRKALTEPEARYYLRQIVLGCQYLHRNRVIHRDLKLGNLFLNEDLEVKIGDFGLATKVEYDGERKKTLCGTPNYIAPEVLSKKGHSFEVDVWSIGCIMYTLLVGKPPFETSCLKETYLRIKKNEYSIPKHINPVAASLIQKMLQTDPTARPTINELLNDEFFTSGYIPARLPITCLTIPPRFSIAPSSLDPSNRKPLTVLNKGLENPLPERPREKEEPVVRETGEVVDCHLSDMLQQLHSVNASKPSERGLVRQEEAEDPACIPIFWVSKWVDYSDKYGLGYQLCDNSVGVLFNDSTRLILYNDGDSLQYIERDGTESYLTVSSHPNSLMKKITLLKYFRNYMSEHLLKAGANITPREGDELARLPYLRTWFRTRSAIILHLSNGSVQINFFQDHTKLILCPLMAAVTYIDEKRDFRTYRLSLLEEYGCCKELASRLRYARTMVDKLLSSRSASNRLKAS,11.200000128
CC(C)(O)CNc1nccc(-c2c(-c3ccc(F)cc3F)nc3c(CC4CC4)nccn23)n1,MEPAAGFLSPRPFQRAAAAPAPPAGPGPPPSALRGPELEMLAGLPTSDPGRLITDPRSGRTYLKGRLLGKGGFARCYEATDTETGSAYAVKVIPQSRVAKPHQREKILNEIELHRDLQHRHIVRFSHHFEDADNIYIFLELCSRKSLAHIWKARHTLLEPEVRYYLRQILSGLKYLHQRGILHRDLKLGNFFITENMELKVGDFGLAARLEPPEQRKKTICGTPNYVAPEVLLRQGHGPEADVWSLGCVMYTLLCGSPPFETADLKETYRCIKQVHYTLPASLSLPARQLLAAILRASPRDRPSIDQILRHDFFTKGYTPDRLPISSCVTVPDLTPPNPARSLFAKVTKSLFGRKKKSKNHAQERDEVSGLVSGLMRTSVGHQDARPEAPAASGPAPVSLVETAPEDSSPRGTLASSGDGFEEGLTVATVVESALCALRNCIAFMPPAEQNPAPLAQPEPLVWVSKWVDYSNKFGFGYQLSSRRVAVLFNDGTHMALSANRKTVHYNPTSTKHFSFSVGAVPRALQPQLGILRYFASYMEQHLMKGGDLPSVEEVEVPAPPLLLQWVKTDQALLMLFSDGTVQVNFYGDHTKLILSGWEPLLVTFVARNRSACTYLASHLRQLGCSPDLRQRLRYALRLLRDRSPA,11.200000128
Cc1cc(NC(=O)Cc2ccc(-c3cccc4[nH]nc(N)c34)cc2)ccc1F,MPSTNRAGSLKDPEIAELFFKEDPEKLFTDLREIGHGSFGAVYFARDVRTNEVVAIKKMSYSGKQSTEKWQDIIKEVKFLQRIKHPNSIEYKGCYLREHTAWLVMEYCLGSASDLLEVHKKPLQEVEIAAITHGALQGLAYLHSHTMIHRDIKAGNILLTEPGQVKLADFGSASMASPANSFVGTPYWMAPEVILAMDEGQYDGKVDVWSLGITCIELAERKPPLFNMNAMSALYHIAQNESPTLQSNEWSDYFRNFVDSCLQKIPQDRPTSEELLKHIFVLRERPETVLIDLIQRTKDAVRELDNLQYRKMKKLLFQEAHNGPAVEAQEEEEEQDHGVGRTGTVNSVGSNQSIPSMSISASSQSSSVNSLPDVSDDKSELDMMEGDHTVMSNSSVIHLKPEEENYREEGDPRTRASDPQSPPQVSRHKSHYRNREHFATIRTASLVTRQMQEHEQDSELREQMSGYKRMRRQHQKQLMTLENKLKAEMDEHRLRLDKDLETQRNNFAAEMEKLIKKHQAAMEKEAKVMSNEEKKFQQHIQAQQKKELNSFLESQKREYKLRKEQLKEELNENQSTPKKEKQEWLSKQKENIQHFQAEEEANLLRRQRQYLELECRRFKRRMLLGRHNLEQDLVREELNKRQTQKDLEHAMLLRQHESMQELEFRHLNTIQKMRCELIRLQHQTELTNQLEYNKRRERELRRKHVMEVRQQPKSLKSKELQIKKQFQDTCKIQTRQYKALRNHLLETTPKSEHKAVLKRLKEEQTRKLAILAEQYDHSINEMLSTQALRLDEAQEAECQVLKMQLQQELELLNAYQSKIKMQAEAQHDRELRELEQRVSLRRALLEQKIEEEMLALQNERTERIRSLLERQAREIEAFDSESMRLGFSNMVLSNLSPEAFSHSYPGASGWSHNPTGGPGPHWGHPMGGPPQAWGHPMQGGPQPWGHPSGPMQGVPRGSSMGVRNSPQALRRTASGGRTEQGMSRSTSVTSQISNGSHMSYT,11.1
Cc1cccc(NC(=O)Nc2ccc(-c3csc4c(C#CCNS(C)(=O)=O)cnc(N)c34)cc2)c1,MLRGGRRGQLGWHSWAAGPGSLLAWLILASAGAAPCPDACCPHGSSGLRCTRDGALDSLHHLPGAENLTELYIENQQHLQHLELRDLRGLGELRNLTIVKSGLRFVAPDAFHFTPRLSRLNLSFNALESLSWKTVQGLSLQELVLSGNPLHCSCALRWLQRWEEEGLGGVPEQKLQCHGQGPLAHMPNASCGVPTLKVQVPNASVDVGDDVLLRCQVEGRGLEQAGWILTELEQSATVMKSGGLPSLGLTLANVTSDLNRKNVTCWAENDVGRAEVSVQVNVSFPASVQLHTAVEMHHWCIPFSVDGQPAPSLRWLFNGSVLNETSFIFTEFLEPAANETVRHGCLRLNQPTHVNNGNYTLLAANPFGQASASIMAAFMDNPFEFNPEDPIPVSFSPVDTNSTSGDPVEKKDETPFGVSVAVGLAVFACLFLSTLLLVLNKCGRRNKFGINRPAVLAPEDGLAMSLHFMTLGGSSLSPTEGKGSGLQGHIIENPQYFSDACVHHIKRRDIVLKWELGEGAFGKVFLAECHNLLPEQDKMLVAVKALKEASESARQDFQREAELLTMLQHQHIVRFFGVCTEGRPLLMVFEYMRHGDLNRFLRSHGPDAKLLAGGEDVAPGPLGLGQLLAVASQVAAGMVYLAGLHFVHRDLATRNCLVGQGLVVKIGDFGMSRDIYSTDYYRVGGRTMLPIRWMPPESILYRKFTTESDVWSFGVVLWEIFTYGKQPWYQLSNTEAIDCITQGRELERPRACPPEVYAIMRGCWQREPQQRHSIKDVHARLQALAQAPPVYLDVLG,13.399988938
Cn1c(=O)n(-c2ccc(C(C)(C)C#N)cc2)c2c3cc(-c4cnc5ccccc5c4)ccc3ncc21,MSTFRQEDVEDHYEMGEELGSGQFAIVRKCRQKGTGKEYAAKFIKKRRLSSSRRGVSREEIEREVNILREIRHPNIITLHDIFENKTDVVLILELVSGGELFDFLAEKESLTEDEATQFLKQILDGVHYLHSKRIAHFDLKPENIMLLDKNVPNPRIKLIDFGIAHKIEAGNEFKNIFGTPEFVAPEIVNYEPLGLEADMWSIGVITYILLSGASPFLGETKQETLTNISAVNYDFDEEYFSNTSELAKDFIRRLLVKDPKRRMTIAQSLEHSWIKAIRRRNVRGEDSGRKPERRRLKTTRLKEYTIKSHSSLPPNNSYADFERFSKVLEEAAAAEEGLRELQRSRRLCHEDVEALAAIYEEKEAWYREESDSLGQDLRRLRQELLKTEALKRQAQEEAKGALLGTSGLKRRFSRLENRYEALAKQVASEMRFVQDLVRALEQEKLQGVECGLR,11.400000202
Nc1ncnc2nc3ccccc3n12,MAVPPGHGPFSGFPGPQEHTQVLPDVRLLPRRLPLAFRDATSAPLRKLSVDLIKTYKHINEVYYAKKKRRAQQAPPQDSSNKKEKKVLNHGYDDDNHDYIVRSGERWLERYEIDSLIGKGSFGQVVKAYDHQTQELVAIKIIKNKKAFLNQAQIELRLLELMNQHDTEMKYYIVHLKRHFMFRNHLCLVFELLSYNLYDLLRNTHFRGVSLNLTRKLAQQLCTALLFLATPELSIIHCDLKPENILLCNPKRSAIKIVDFGSSCQLGQRIYQYIQSRFYRSPEVLLGTPYDLAIDMWSLGCILVEMHTGEPLFSGSNEVDQMNRIVEVLGIPPAAMLDQAPKARKYFERLPGGGWTLRRTKELRKDYQGPGTRRLQEVLGVQTGGPGGRRAGEPGHSPADYLRFQDLVLRMLEYEPAARISPLGALQHGFFRRTADEATNTGPAGSSASTSPAPLDTCPSSSTASSISSSGGSSGSSSDNRTYRYSNRYCGGPGPPITDCEMNSPQVPPSQPLRPWAGGDVPHKTHQAPASASSLPGTGAQLPPQPRYLGRPPSPTSPPPPELMDVSLVGGPADCSPPHPAPAPQHPAASALRTRMTGGRPPLPPPDDPATLGPHLGLRGVPQSTAASS,10.800000069
CC(C)n1nc(-c2ccc(S(N)(=O)=O)cc2)c2c(N)ncnc21,MELENYKQPVVLREDNCRRRRRMKPRSAAASLSSMELIPIEFVLPTSQRKCKSPETALLHVAGHGNVEQMKAQVWLRALETSVAADFYHRLGPHHFLLLYQKKGQWYEIYDKYQVVQTLDCLRYWKATHRSPGQIHLVQRHPPSEESQAFQRQLTALIGYDVTDVSNVHDDELEFTRRGLVTPRMAEVASRDPKLYAMHPWVTSKPLPEYLWKKIANNCIFIVIHRSTTSQTIKVSPDDTPGAILQSFFTKMAKKKSLMDIPESQSEQDFVLRVCGRDEYLVGETPIKNFQWVRHCLKNGEEIHVVLDTPPDPALDEVRKEEWPLVDDCTGVTGYHEQLTIHGKDHESVFTVSLWDCDRKFRVKIRGIDIPVLPRNTDLTVFVEANIQHGQQVLCQRRTSPKPFTEEVLWNVWLEFSIKIKDLPKGALLNLQIYCGKAPALSSKASAESPSSESKGKVQLLYYVNLLLIDHRFLLRRGEYVLHMWQISGKGEDQGSFNADKLTSATNPDKENSMSISILLDNYCHPIALPKHQPTPDPEGDRVRAEMPNQLRKQLEAIIATDPLNPLTAEDKELLWHFRYESLKHPKAYPKLFSSVKWGQQEIVAKTYQLLARREVWDQSALDVGLTMQLLDCNFSDENVRAIAVQKLESLEDDDVLHYLLQLVQAVKFEPYHDSALARFLLKRGLRNKRIGHFLFWFLRSEIAQSRHYQQRFAVILEAYLRGCGTAMLHDFTQQVQVIEMLQKVTLDIKSLSAEKYDVSSQVISQLKQKLENLQNSQLPESFRVPYDPGLKAGALAIEKCKVMASKKKPLWLEFKCADPTALSNETIGIIFKHGDDLRQDMLILQILRIMESIWETESLDLCLLPYGCISTGDKIGMIEIVKDATTIAKIQQSTVGNTGAFKDEVLNHWLKEKSPTEEKFQAAVERFVYSCAGYCVATFVLGIGDRHNDNIMITETGNLFHIDFGHILGNYKSFLGINKERVPFVLTPDFLFVMGTSGKKTSPHFQKFQDICVKAYLALRHHTNLLIILFSMMLMTGMPQLTSKEDIEYIRDALTVGKNEEDAKKYFLDQIEVCRDKGWTVQFNWFLHLVLGIKQGEKHSA,11.497940009
NC1CCC(Nc2nccc(-c3c[nH]c4ncccc34)n2)CC1,MGSNKSKPKDASQRRRSLEPAENVHGAGGGAFPASQTPSKPASADGHRGPSAAFAPAAAEPKLFGGFNSSDTVTSPQRAGPLAGGVTTFVALYDYESRTETDLSFKKGERLQIVNNTEGDWWLAHSLSTGQTGYIPSNYVAPSDSIQAEEWYFGKITRRESERLLLNAENPRGTFLVRESETTKGAYCLSVSDFDNAKGLNVKHYKIRKLDSGGFYITSRTQFNSLQQLVAYYSKHADGLCHRLTTVCPTSKPQTQGLAKDAWEIPRESLRLEVKLGQGCFGEVWMGTWNGTTRVAIKTLKPGTMSPEAFLQEAQVMKKLRHEKLVQLYAVVSEEPIYIVTEYMSKGSLLDFLKGETGKYLRLPQLVDMAAQIASGMAYVERMNYVHRDLRAANILVGENLVCKVADFGLARLIEDNEYTARQGAKFPIKWTAPEAALYGRFTIKSDVWSFGILLTELTTKGRVPYPGMVNREVLDQVERGYRMPCPPECPESLHDLMCQCWRKEPEERPTFEYLQAFLEDYFTSTEPQYQPGENL,11.800000504
CN(C)CC1CCn2cc(c3ccccc32)C2=C(C(=O)NC2=O)c2cn(c3ccccc23)CCO1,MPSRTGPKMEGSGGRVRLKAHYGGDIFITSVDAATTFEELCEEVRDMCRLHQQHPLTLKWVDSEGDPCTVSSQMELEEAFRLARQCRDEGLIIHVFPSTPEQPGLPCPGEDKSIYRRGARRWRKLYRANGHLFQAKRFNRRAYCGQCSERIWGLARQGYRCINCKLLVHKRCHGLVPLTCRKHMDSVMPSQEPPVDDKNEDADLPSEETDGIAYISSSRKHDSIKDDSEDLKPVIDGMDGIKISQGLGLQDFDLIRVIGRGSYAKVLLVRLKKNDQIYAMKVVKKELVHDDEDIDWVQTEKHVFEQASSNPFLVGLHSCFQTTSRLFLVIEYVNGGDLMFHMQRQRKLPEEHARFYAAEICIALNFLHERGIIYRDLKLDNVLLDADGHIKLTDYGMCKEGLGPGDTTSTFCGTPNYIAPEILRGEEYGFSVDWWALGVLMFEMMAGRSPFDIITDNPDMNTEDYLFQVILEKPIRIPRFLSVKASHVLKGFLNKDPKERLGCRPQTGFSDIKSHAFFRSIDWDLLEKKQALPPFQPQITDDYGLDNFDTQFTSEPVQLTPDDEDAIKRIDQSEFEGFEYINPLLLSTEESV,10.1
CC(C)Oc1[nH][nH]c(=O)c1C=C1C=Nc2ccccc21,MAWRCPRMGRVPLAWCLALCGWACMAPRGTQAEESPFVGNPGNITGARGLTGTLRCQLQVQGEPPEVHWLRDGQILELADSTQTQVPLGEDEQDDWIVVSQLRITSLQLSDTGQYQCLVFLGHQTFVSQPGYVGLEGLPYFLEEPEDRTVAANTPFNLSCQAQGPPEPVDLLWLQDAVPLATAPGHGPQRSLHVPGLNKTSSFSCEAHNAKGVTTSRTATITVLPQQPRNLHLVSRQPTELEVAWTPGLSGIYPLTHCTLQAVLSNDGMGIQAGEPDPPEEPLTSQASVPPHQLRLGSLHPHTPYHIRVACTSSQGPSSWTHWLPVETPEGVPLGPPENISATRNGSQAFVHWQEPRAPLQGTLLGYRLAYQGQDTPEVLMDIGLRQEVTLELQGDGSVSNLTVCVAAYTAAGDGPWSLPVPLEAWRPGQAQPVHQLVKEPSTPAFSWPWWYVLLGAVVAAACVLILALFLVHRRKKETRYGEVFEPTVERGELVVRYRVRKSYSRRTTEATLNSLGISEELKEKLRDVMVDRHKVALGKTLGEGEFGAVMEGQLNQDDSILKVAVKTMKIAICTRSELEDFLSEAVCMKEFDHPNVMRLIGVCFQGSERESFPAPVVILPFMKHGDLHSFLLYSRLGDQPVYLPTQMLVKFMADIASGMEYLSTKRFIHRDLAARNCMLNENMSVCVADFGLSKKIYNGDYYRQGRIAKMPVKWIAIESLADRVYTSKSDVWSFGVTMWEIATRGQTPYPGVENSEIYDYLRQGNRLKQPADCLDGLYALMSRCWELNPQDRPSFTELREDLENTLKALPPAQEPDEILYVNMDEGGGYPEPPGAAGGADPPTQPDPKDSCSCLTAAEVHPAGRYVLCPSTTPSPAQPADRGSPAAPGQEDGA,12.299998172
O=c1nc2sc3c(c2c2nc(-c4cccnc4)[nH]n12)CCCC3,MGPGVLLLLLVATAWHGQGIPVIEPSVPELVVKPGATVTLRCVGNGSVEWDGPPSPHWTLYSDGSSSILSTNNATFQNTGTYRCTEPGDPLGGSAAIHLYVKDPARPWNVLAQEVVVFEDQDALLPCLLTDPVLEAGVSLVRVRGRPLMRHTNYSFSPWHGFTIHRAKFIQSQDYQCSALMGGRKVMSISIRLKVQKVIPGPPALTLVPAELVRIRGEAAQIVCSASSVDVNFDVFLQHNNTKLAIPQQSDFHNNRYQKVLTLNLDQVDFQHAGNYSCVASNVQGKHSTSMFFRVVESAYLNLSSEQNLIQEVTVGEGLNLKVMVEAYPGLQGFNWTYLGPFSDHQPEPKLANATTKDTYRHTFTLSLPRLKPSEAGRYSFLARNPGGWRALTFELTLRYPPEVSVIWTFINGSGTLLCAASGYPQPNVTWLQCSGHTDRCDEAQVLQVWDDPYPEVLSQEPFHKVTVQSLLTVETLEHNQTYECRAHNSVGSGSWAFIPISAGAHTHPPDEFLFTPVVVACMSIMALLLLLLLLLLYKYKQKPKYQVRWKIIESYEGNSYTFIDPTQLPYNEKWEFPRNNLQFGKTLGAGAFGKVVEATAFGLGKEDAVLKVAVKMLKSTAHADEKEALMSELKIMSHLGQHENIVNLLGACTHGGPVLVITEYCCYGDLLNFLRRKAEAMLGPSLSPGQDPEGGVDYKNIHLEKKYVRRDSGFSSQGVDTYVEMRPVSTSSNDSFSEQDLDKEDGRPLELRDLLHFSSQVAQGMAFLASKNCIHRDVAARNVLLTNGHVAKIGDFGLARDIMNDSNYIVKGNARLPVKWMAPESIFDCVYTVQSDVWSYGILLWEIFSLGLNPYPGILVNSKFYKLVKDGYQMAQPAFAPKNIYSIMQACWALEPTHRPTFQQICSFLQEQAQEDRRERDYTNLPSSSRSGGSGSSSSELEEESSSEHLTCCEQGDIAQPLLQPNNYQFC,11.699999383
Cc1cc(=O)nc2[nH][nH]c(-c3cccc(-c4ccc(C#N)cc4)c3)c1-2,MGCWGQLLVWFGAAGAILCSSPGSQETFLRSSPLPLASPSPRDPKVSAPPSILEPASPLNSPGTEGSWLFSTCGASGRHGPTQTQCDGAYAGTSVVVTVGAAGQLRGVQLWRVPGPGQYLISAYGAAGGKGAKNHLSRAHGVFVSAIFSLGLGESLYILVGQQGEDACPGGSPESQLVCLGESRAVEEHAAMDGSEGVPGSRRWAGGGGGGGGATYVFRVRAGELEPLLVAAGGGGRAYLRPRDRGRTQASPEKLENRSEAPGSGGRGGAAGGGGGWTSRAPSPQAGRSLQEGAEGGQGCSEAWATLGWAAAGGFGGGGGACTAGGGGGGYRGGDASETDNLWADGEDGVSFIHPSSELFLQPLAVTENHGEVEIRRHLNCSHCPLRDCQWQAELQLAECLCPEGMELAVDNVTCMDLHKPPGPLVLMVAVVATSTLSLLMVCGVLILVKQKKWQGLQEMRLPSPELELSKLRTSAIRTAPNPYYCQVGLGPAQSWPLPPGVTEVSPANVTLLRALGHGAFGEVYEGLVIGLPGDSSPLQVAIKTLPELCSPQDELDFLMEALIISKFRHQNIVRCVGLSLRATPRLILLELMSGGDMKSFLRHSRPHLGQPSPLVMRDLLQLAQDIAQGCHYLEENHFIHRDIAARNCLLSCAGPSRVAKIGDFGMARDIYRASYYRRGDRALLPVKWMPPEAFLEGIFTSKTDSWSFGVLLWEIFSLGYMPYPGRTNQEVLDFVVGGGRMDPPRGCPGPVYRIMTQCWQHEPELRPSFASILERLQYCTQDPDVLNSLLPMELGPTPEEEGTSGLGNRSLECLRPPQPQELSPEKLKSWGGSPLGPWLSSGLKPLKSRGLQPQNLWNPTYRS,11.699999383
COC1C(N(C)C(C)=O)CC2OC1(C)n1c3ccccc3c3c4c(c5c6ccccc6n2c5c31)C(=O)NC4,MAGLGPGVGDSEGGPRPLFCRKGALRQKVVHEVKSHKFTARFFKQPTFCSHCTDFIWGIGKQGLQCQVCSFVVHRRCHEFVTFECPGAGKGPQTDDPRNKHKFRLHSYSSPTFCDHCGSLLYGLVHQGMKCSCCEMNVHRRCVRSVPSLCGVDHTERRGRLQLEIRAPTADEIHVTVGEARNLIPMDPNGLSDPYVKLKLIPDPRNLTKQKTRTVKATLNPVWNETFVFNLKPGDVERRLSVEVWDWDRTSRNDFMGAMSFGVSELLKAPVDGWYKLLNQEEGEYYNVPVADADNCSLLQKFEACNYPLELYERVRMGPSSSPIPSPSPSPTDPKRCFFGASPGRLHISDFSFLMVLGKGSFGKVMLAERRGSDELYAIKILKKDVIVQDDDVDCTLVEKRVLALGGRGPGGRPHFLTQLHSTFQTPDRLYFVMEYVTGGDLMYHIQQLGKFKEPHAAFYAAEIAIGLFFLHNQGIIYRDLKLDNVMLDAEGHIKITDFGMCKENVFPGTTTRTFCGTPDYIAPEIIAYQPYGKSVDWWSFGVLLYEMLAGQPPFDGEDEEELFQAIMEQTVTYPKSLSREAVAICKGFLTKHPGKRLGSGPDGEPTIRAHGFFRWIDWERLERLEIPPPFRPRPCGRSGENFDKFFTRAAPALTPPDRLVLASIDQADFQGFTYVNPDFVHPDARSPTSPVPVPVM,13.224938737
Clc1cc(-c2c[nH]c3ncccc23)nc(NC2CCCCC2)n1,MELAALCRWGLLLALLPPGAASTQVCTGTDMKLRLPASPETHLDMLRHLYQGCQVVQGNLELTYLPTNASLSFLQDIQEVQGYVLIAHNQVRQVPLQRLRIVRGTQLFEDNYALAVLDNGDPLNNTTPVTGASPGGLRELQLRSLTEILKGGVLIQRNPQLCYQDTILWKDIFHKNNQLALTLIDTNRSRACHPCSPMCKGSRCWGESSEDCQSLTRTVCAGGCARCKGPLPTDCCHEQCAAGCTGPKHSDCLACLHFNHSGICELHCPALVTYNTDTFESMPNPEGRYTFGASCVTACPYNYLSTDVGSCTLVCPLHNQEVTAEDGTQRCEKCSKPCARVCYGLGMEHLREVRAVTSANIQEFAGCKKIFGSLAFLPESFDGDPASNTAPLQPEQLQVFETLEEITGYLYISAWPDSLPDLSVFQNLQVIRGRILHNGAYSLTLQGLGISWLGLRSLRELGSGLALIHHNTHLCFVHTVPWDQLFRNPHQALLHTANRPEDECVGEGLACHQLCARGHCWGPGPTQCVNCSQFLRGQECVEECRVLQGLPREYVNARHCLPCHPECQPQNGSVTCFGPEADQCVACAHYKDPPFCVARCPSGVKPDLSYMPIWKFPDEEGACQPCPINCTHSCVDLDDKGCPAEQRASPLTSIISAVVGILLVVVLGVVFGILIKRRQQKIRKYTMRRLLQETELVEPLTPSGAMPNQAQMRILKETELRKVKVLGSGAFGTVYKGIWIPDGENVKIPVAIKVLRENTSPKANKEILDEAYVMAGVGSPYVSRLLGICLTSTVQLVTQLMPYGCLLDHVRENRGRLGSQDLLNWCMQIAKGMSYLEDVRLVHRDLAARNVLVKSPNHVKITDFGLARLLDIDETEYHADGGKVPIKWMALESILRRRFTHQSDVWSYGVTVWELMTFGAKPYDGIPAREIPDLLEKGERLPQPPICTIDVYMIMVKCWMIDSECRPRFRELVSEFSRMARDPQRFVVIQNEDLGPASPLDSTFYRSLLEDDDMGDLVDAEEYLVPQQGFFCPDPAPGAGGMVHHRHRSSSTRSGGGDLTLGLEPSEEEAPRSPLAPSEGAGSDVFDGDLGMGAAKGLQSLPTHDPSPLQRYSEDPTVPLPSETDGYVAPLTCSPQPEYVNQPDVRPQPPSPREGPLPAARPAGATLERPKTLSPGKNGVVKDVFAFGGAVENPEYLTPQGGAAPQPHPPPAFSPAFDNLYYWDQDPPERGAPPSTFKGTPTAENPEYLGLDVPV,11.900000875
Cc1cccc(NC(=O)Nc2ccc(-c3csc4c(C#CCN5CCCC5)cnc(N)c34)cc2)c1,MQKYEKLEKIGEGTYGTVFKAKNRETHEIVALKRVRLDDDDEGVPSSALREICLLKELKHKNIVRLHDVLHSDKKLTLVFEFCDQDLKKYFDSCNGDLDPEIVKSFLFQLLKGLGFCHSRNVLHRDLKPQNLLINRNGELKLADFGLARAFGIPVRCYSAEVVTLWYRPPDVLFGAKLYSTSIDMWSAGCIFAELANAGRPLFPGNDVDDQLKRIFRLLGTPTEEQWPSMTKLPDYKPYPMYPATTSLVNVVPKLNATGRDLLQNLLKCNPVQRISAEEALQHPYFSDFCPP,11.1
CCC(N)(C#Cc1cnc(N)c2c(-c3ccc(NC(=O)Nc4cccc(C)c4)cc3)csc12)CC,MKAPAVLAPGILVLLFTLVQRSNGECKEALAKSEMNVNMKYQLPNFTAETPIQNVILHEHHIFLGATNYIYVLNEEDLQKVAEYKTGPVLEHPDCFPCQDCSSKANLSGGVWKDNINMALVVDTYYDDQLISCGSVNRGTCQRHVFPHNHTADIQSEVHCIFSPQIEEPSQCPDCVVSALGAKVLSSVKDRFINFFVGNTINSSYFPDHPLHSISVRRLKETKDGFMFLTDQSYIDVLPEFRDSYPIKYVHAFESNNFIYFLTVQRETLDAQTFHTRIIRFCSINSGLHSYMEMPLECILTEKRKKRSTKKEVFNILQAAYVSKPGAQLARQIGASLNDDILFGVFAQSKPDSAEPMDRSAMCAFPIKYVNDFFNKIVNKNNVRCLQHFYGPNHEHCFNRTLLRNSSGCEARRDEYRTEFTTALQRVDLFMGQFSEVLLTSISTFIKGDLTIANLGTSEGRFMQVVVSRSGPSTPHVNFLLDSHPVSPEVIVEHTLNQNGYTLVITGKKITKIPLNGLGCRHFQSCSQCLSAPPFVQCGWCHDKCVRSEECLSGTWTQQICLPAIYKVFPNSAPLEGGTRLTICGWDFGFRRNNKFDLKKTRVLLGNESCTLTLSESTMNTLKCTVGPAMNKHFNMSIIISNGHGTTQYSTFSYVDPVITSISPKYGPMAGGTLLTLTGNYLNSGNSRHISIGGKTCTLKSVSNSILECYTPAQTISTEFAVKLKIDLANRETSIFSYREDPIVYEIHPTKSFISGGSTITGVGKNLNSVSVPRMVINVHEAGRNFTVACQHRSNSEIICCTTPSLQQLNLQLPLKTKAFFMLDGILSKYFDLIYVHNPVFKPFEKPVMISMGNENVLEIKGNDIDPEAVKGEVLKVGNKSCENIHLHSEAVLCTVPNDLLKLNSELNIEWKQAISSTVLGKVIVQPDQNFTGLIAGVVSISTALLLLLGFFLWLKKRKQIKDLGSELVRYDARVHTPHLDRLVSARSVSPTTEMVSNESVDYRATFPEDQFPNSSQNGSCRQVQYPLTDMSPILTSGDSDISSPLLQNTVHIDLSALNPELVQAVQHVVIGPSSLIVHFNEVIGRGHFGCVYHGTLLDNDGKKIHCAVKSLNRITDIGEVSQFLTEGIIMKDFSHPNVLSLLGICLRSEGSPLVVLPYMKHGDLRNFIRNETHNPTVKDLIGFGLQVAKGMKYLASKKFVHRDLAARNCMLDEKFTVKVADFGLARDMYDKEYYSVHNKTGAKLPVKWMALESLQTQKFTTKSDVWSFGVLLWELMTRGAPPYPDVNTFDITVYLLQGRRLLQPEYCPDPLYEVMLKCWHPKAEMRPSFSELVSRISAIFSTFIGEHYVHVNATYVNVKCVAPYPSLLSSEDNADDEVDTRPASFWETS,12.299998172
CC(C)Nc1c(-c2ccc3[nH]ncc3c2)nc2ncccn12,MNKPITPSTYVRCLNVGLIRKLSDFIDPQEGWKKLAVAIKKPSGDDRYNQFHIRRFEALLQTGKSPTSELLFDWGTTNCTVGDLVDLLIQNEFFAPASLLLPDAVPKTANTLPSKEAITVQQKQMPFCDKDRTLMTPVQNLEQSYMPPDSSSPENKSLEVSDTRFHSFSFYELKNVTNNFDERPISVGGNKMGEGGFGVVYKGYVNNTTVAVKKLAAMVDITTEELKQQFDQEIKVMAKCQHENLVELLGFSSDGDDLCLVYVYMPNGSLLDRLSCLDGTPPLSWHMRCKIAQGAANGINFLHENHHIHRDIKSANILLDEAFTAKISDFGLARASEKFAQTVMTSRIVGTTAYMAPEALRGEITPKSDIYSFGVVLLEIITGLPAVDEHREPQLLLDIKEEIEDEEKTIEDYIDKKMNDADSTSVEAMYSVASQCLHEKKNKRPDIKKVQQLLQEMTAS,11.1
Cc1ccc(CNc2c(Nc3ccncc3)c(=O)c2=O)cc1C,MSSLGASFVQIKFDDLQFFENCGGGSFGSVYRAKWISQDKEVAVKKLLKIEKEAEILSVLSHRNIIQFYGVILEPPNYGIVTEYASLGSLYDYINSNRSEEMDMDHIMTWATDVAKGMHYLHMEAPVKVIHRDLKSRNVVIAADGVLKICDFGASRFHNHTTHMSLVGTFPWMAPEVIQSLPVSETCDTYSYGVVLWEMLTREVPFKGLEGLQVAWLVVEKNERLTIPSSCPRSFAELLHQCWEADAKKRPSFKQIISILESMSNDTSLPDKCNSFLHNKAEWRCEIEATLERLKKLERDLSFKEQELKERERRLKMWEQKLTEQSNTPLLPSFEIGAWTEDDVYCWVQQLVRKGDSSAEMSVYASLFKENNITGKRLLLLEEEDLKDMGIVSKGHIIHFKSAIEKLTHDYINLFHFPPLIKDSGGEPEENEEKIVNLELVFGFHLKPGTGPQDCKWKMYMEMDGDEIAITYIKDVTFNTNLPDAEILKMTKPPFVMEKWIVGIAKSQTVECTVTYESDVRTPKSTKHVHSIQWSRTKPQDEVKAVQLAIQTLFTNSDGNPGSRSDSSADCQWLDTLRMRQIASNTSLQRSQSNPILGSPFFSHFDGQDSYAAAVRRPQVPIKYQQITPVNQSRSSSPTQYGLTKNFSSLHLNSRDSGFSSGNTDTSSERGRYSDRSRNKYGRGSISLNSSPRGRYSGKSQHSTPSRGRYPGKFYRVSQSALNPHQSPDFKRSPRDLHQPNTIPGMPLHPETDSRASEEDSKVSEGGWTKVEYRKKPHRPSPAKTNKERARGDHRGWRNF,11.200000128
O=C1Nc2ccccc2C1=Cc1c[nH]c2ccccc12,MRRLSSWRKMATAEKQKHDGRVKIGHYILGDTLGVGTFGKVKVGKHELTGHKVAVKILNRQKIRSLDVVGKIRREIQNLKLFRHPHIIKLYQVISTPSDIFMVMEYVSGGELFDYICKNGRLDEKESRRLFQQILSGVDYCHRHMVVHRDLKPENVLLDAHMNAKIADFGLSNMMSDGEFLRTSCGSPNYAAPEVISGRLYAGPEVDIWSSGVILYALLCGTLPFDDDHVPTLFKKICDGIFYTPQYLNPSVISLLKHMLQVDPMKRATIKDIREHEWFKQDLPKYLFPEDPSYSSTMIDDEALKEVCEKFECSEEEVLSCLYNRNHQDPLAVAYHLIIDNRRIMNEAKDFYLATSPPDSFLDDHHLTRPHPERVPFLVAETPRARHTLDELNPQKSKHQGVRKAKWHLGIRSQSRPNDIMAEVCRAIKQLDYEWKVVNPYYLRVRRKNPVTSTYSKMSLQLYQVDSRTYLLDFRSIDDEITEAKSGTATPQRSGSVSNYRSCQRSDSDAEAQGKSSEVSLTSSVTSLDSSPVDLTPRPGSHTIEFFEMCANLIKILAQ,11.599999679
COc1cc(-c2ccc3c(c2)Nc2ccc(C(=O)NCCNC(C)=O)cc2NC3=O)ccc1O,MGCIKSKGKDSLSDDGVDLKTQPVRNTERTIYVRDPTSNKQQRPVPESQLLPGQRFQTKDPEEQGDIVVALYPYDGIHPDDLSFKKGEKMKVLEEHGEWWKAKSLLTKKEGFIPSNYVAKLNTLETEEWFFKDITRKDAERQLLAPGNSAGAFLIRESETLKGSFSLSVRDFDPVHGDVIKHYKIRSLDNGGYYISPRITFPCISDMIKHYQKQADGLCRRLEKACISPKPQKPWDKDAWEIPRESIKLVKRLGAGQFGEVWMGYYNNSTKVAVKTLKPGTMSVQAFLEEANLMKTLQHDKLVRLYAVVTREEPIYIITEYMAKGSLLDFLKSDEGGKVLLPKLIDFSAQIAEGMAYIERKNYIHRDLRAANVLVSESLMCKIADFGLARVIEDNEYTAREGAKFPIKWTAPEAINFGCFTIKSDVWSFGILLYEIVTYGKIPYPGRTNADVMTALSQGYRMPRVENCPDELYDIMKMCWKEKAEERPTFDYLQSVLDDFYTATEGQYQQQP,11.900000875
O=C1NCCc2[nH]c(-c3ccnc(-c4ccccc4F)c3)cc21,MADEDLIFRLEGVDGGQSPRAGHDGDSDGDSDDEEGYFICPITDDPSSNQNVNSKVNKYYSNLTKSERYSSSGSPANSFHFKEAWKHAIQKAKHMPDPWAEFHLEDIATERATRHRYNAVTGEWLDDEVLIKMASQPFGRGAMRECFRTKKLSNFLHAQQWKGASNYVAKRYIEPVDRDVYFEDVRLQMEAKLWGEEYNRHKPPKQVDIMQMCIIELKDRPGKPLFHLEHYIEGKYIKYNSNSGFVRDDNIRLTPQAFSHFTFERSGHQLIVVDIQGVGDLYTDPQIHTETGTDFGDGNLGVRGMALFFYSHACNRICESMGLAPFDLSPRERDAVNQNTKLLQSAKTILRGTEEKCGSPQVRTLSGSRPPLLRPLSENSGDENMSDVTFDSLPSSPSSATPHSQKLDHLHWPVFSDLDNMASRDHDHLDNHRESENSGDSGYPSEKRGELDDPEPREHGHSYSNRKYESDEDSLGSSGRVCVEKWNLLNSSRLHLPRASAVALEVQRLNALDLEKKIGKSILGKVHLAMVRYHEGGRFCEKGEEWDQESAVFHLEHAANLGELEAIVGLGLMYSQLPHHILADVSLKETEENKTKGFDYLLKAAEAGDRQSMILVARAFDSGQNLSPDRCQDWLEALHWYNTALEMTDCDEGGEYDGMQDEPRYMMLAREAEMLFTGGYGLEKDPQRSGDLYTQAAEAAMEAMKGRLANQYYQKAEEAWAQMEE,11.500000186
O=C(Nc1cnccn1)Nc1ccnc2c(C(F)(F)F)cccc12,MSSGAKEGGGGSPAYHLPHPHPHPPQHAQYVGPYRLEKTLGKGQTGLVKLGVHCITGQKVAIKIVNREKLSESVLMKVEREIAILKLIEHPHVLKLHDVYENKKYLYLVLEHVSGGELFDYLVKKGRLTPKEARKFFRQIVSALDFCHSYSICHRDLKPENLLLDEKNNIRIADFGMASLQVGDSLLETSCGSPHYACPEVIKGEKYDGRRADMWSCGVILFALLVGALPFDDDNLRQLLEKVKRGVFHMPHFIPPDCQSLLRGMIEVEPEKRLSLEQIQKHPWYLGGKHEPDPCLEPAPGRRVAMRSLPSNGELDPDVLESMASLGCFRDRERLHRELRSEEENQEKMIYYLLLDRKERYPSCEDQDLPPRNDVDPPRKRVDSPMLSRHGKRRPERKSMEVLSITDAGGGGSPVPTRRALEMAQHSQRSRSVSGASTGLSSSPLSSPRSPVFSFSPEPGAGDEARGGGSPTSKTQTLPSRGPRGGGAGEQPPPPSARSTPLPGPPGSPRSSGGTPLHSPLHTPRASPTGTPGTTPPPSPGGGVGGAAWRSRLNSIRNSFLGSPRFHRRKMQVPTAEEMSSLTPESSPELAKRSWFGNFISLDKEEQIFLVLKDKPLSSIKADIVHAFLSIPSLSHSVLSQTSFRAEYKASGGPSVFQKPVRFQVDISSSEGPEPSPRRDGSGGGGIYSVTFTLISGPSRRFKRVVETIQAQLLSTHDQPSVQALADEKNGAQTRPAGAPPRSLQPPPGRPDPELSSSPRRGPPKDKKLLATNGTPLP,11.699999383
Cc1ccccc1-c1c(-c2ccc3[nH]nc(N)c3c2)nnn1Cc1ccccc1,MPSTNRAGSLKDPEIAELFFKEDPEKLFTDLREIGHGSFGAVYFARDVRTNEVVAIKKMSYSGKQSTEKWQDIIKEVKFLQRIKHPNSIEYKGCYLREHTAWLVMEYCLGSASDLLEVHKKPLQEVEIAAITHGALQGLAYLHSHTMIHRDIKAGNILLTEPGQVKLADFGSASMASPANSFVGTPYWMAPEVILAMDEGQYDGKVDVWSLGITCIELAERKPPLFNMNAMSALYHIAQNESPTLQSNEWSDYFRNFVDSCLQKIPQDRPTSEELLKHIFVLRERPETVLIDLIQRTKDAVRELDNLQYRKMKKLLFQEAHNGPAVEAQEEEEEQDHGVGRTGTVNSVGSNQSIPSMSISASSQSSSVNSLPDVSDDKSELDMMEGDHTVMSNSSVIHLKPEEENYREEGDPRTRASDPQSPPQVSRHKSHYRNREHFATIRTASLVTRQMQEHEQDSELREQMSGYKRMRRQHQKQLMTLENKLKAEMDEHRLRLDKDLETQRNNFAAEMEKLIKKHQAAMEKEAKVMSNEEKKFQQHIQAQQKKELNSFLESQKREYKLRKEQLKEELNENQSTPKKEKQEWLSKQKENIQHFQAEEEANLLRRQRQYLELECRRFKRRMLLGRHNLEQDLVREELNKRQTQKDLEHAMLLRQHESMQELEFRHLNTIQKMRCELIRLQHQTELTNQLEYNKRRERELRRKHVMEVRQQPKSLKSKELQIKKQFQDTCKIQTRQYKALRNHLLETTPKSEHKAVLKRLKEEQTRKLAILAEQYDHSINEMLSTQALRLDEAQEAECQVLKMQLQQELELLNAYQSKIKMQAEAQHDRELRELEQRVSLRRALLEQKIEEEMLALQNERTERIRSLLERQAREIEAFDSESMRLGFSNMVLSNLSPEAFSHSYPGASGWSHNPTGGPGPHWGHPMGGPPQAWGHPMQGGPQPWGHPSGPMQGVPRGSSMGVRNSPQALRRTASGGRTEQGMSRSTSVTSQISNGSHMSYT,11.400000202
CC(C)n1nc(-c2ccc3c(C=O)c[nH]c3c2)c2c(N)ncnc21,MGGRSSCEDPGCPRDEERAPRMGCMKSKFLQVGGNTFSKTETSASPHCPVYVPDPTSTIKPGPNSHNSNTPGIREAGSEDIIVVALYDYEAIHHEDLSFQKGDQMVVLEESGEWWKARSLATRKEGYIPSNYVARVDSLETEEWFFKGISRKDAERQLLAPGNMLGSFMIRDSETTKGSYSLSVRDYDPRQGDTVKHYKIRTLDNGGFYISPRSTFSTLQELVDHYKKGNDGLCQKLSVPCMSSKPQKPWEKDAWEIPRESLKLEKKLGAGQFGEVWMATYNKHTKVAVKTMKPGSMSVEAFLAEANVMKTLQHDKLVKLHAVVTKEPIYIITEFMAKGSLLDFLKSDEGSKQPLPKLIDFSAQIAEGMAFIEQRNYIHRDLRAANILVSASLVCKIADFGLARVIEDNEYTAREGAKFPIKWTAPEAINFGSFTIKSDVWSFGILLMEIVTYGRIPYPGMSNPEVIRALERGYRMPRPENCPEELYNIMMRCWKNRPEERPTFEYIQSVLDDFYTATESQYQQQP,12.668636236
O=C(Cc1ccccc1)Nc1cccc(-c2nc3sccn3c2-c2ccnc(Nc3cccc(N4CCOCC4)c3)n2)c1,MATTVTCTRFTDEYQLYEDIGKGAFSVVRRCVKLCTGHEYAAKIINTKKLSARDHQKLEREARICRLLKHSNIVRLHDSISEEGFHYLVFDLVTGGELFEDIVAREYYSEADASHCIQQILEAVLHCHQMGVVHRDLKPENLLLASKCKGAAVKLADFGLAIEVQGDQQAWFGFAGTPGYLSPEVLRKEAYGKPVDIWACGVILYILLVGYPPFWDEDQHKLYQQIKAGAYDFPSPEWDTVTPEAKNLINQMLTINPAKRITAHEALKHPWVCQRSTVASMMHRQETVECLKKFNARRKLKGAILTTMLATRNFSVGRQTTAPATMSTAASGTTMGLVEQAKSLLNKKADGVKPQTNSTKNSAAATSPKGTLPPAALEPQTTVIHNPVDGIKESSDSANTTIEDEDAKAPRVPDILSSVRRGSGAPEAEGPLPCPSPAPFSPLPAPSPRISDILNSVRRGSGTPEAEGPLSAGPPPCLSPALLGPLSSPSPRISDILNSVRRGSGTPEAEGPSPVGPPPCPSPTIPGPLPTPSRKQEIIKTTEQLIEAVNNGDFEAYAKICDPGLTSFEPEALGNLVEGMDFHRFYFENLLAKNSKPIHTTILNPHVHVIGEDAACIAYIRLTQYIDGQGRPRTSQSEETRVWHRRDGKWQNVHFHCSGAPVAPLQ,11.200000128
NCCC(C(=O)Nc1ccc2[nH]ncc2c1)c1ccc(Cl)c(Cl)c1,MASSGMADSANHLPFFFGNITREEAEDYLVQGGMSDGLYLLRQSRNYLGGFALSVAHGRKAHHYTIERELNGTYAIAGGRTHASPADLCHYHSQESDGLVCLLKKPFNRPQGVQPKTGPFEDLKENLIREYVKQTWNLQGQALEQAIISQKPQLEKLIATTAHEKMPWFHGKISREESEQIVLIGSKTNGKFLIRARDNNGSYALCLLHEGKVLHYRIDKDKTGKLSIPEGKKFDTLWQLVEHYSYKADGLLRVLTVPCQKIGTQGNVNFGGRPQLPGSHPATWSAGGIISRIKSYSFPKPGHRKSSPAQGNRQESTVSFNPYEPELAPWAADKGPQREALPMDTEVYESPYADPEEIRPKEVYLDRKLLTLEDKELGSGNFGTVKKGYYQMKKVVKTVAVKILKNEANDPALKDELLAEANVMQQLDNPYIVRMIGICEAESWMLVMEMAELGPLNKYLQQNRHVKDKNIIELVHQVSMGMKYLEESNFVHRDLAARNVLLVTQHYAKISDFGLSKALRADENYYKAQTHGKWPVKWYAPECINYYKFSSKSDVWSFGVLMWEAFSYGQKPYRGMKGSEVTAMLEKGERMGCPAGCPREMYDLMNLCWTYDVENRPGFAAVELRLRNYYYDVVN,11.900000875
N#Cc1ncc2nc1OCCCCCOc1cc(OCCO)c(Cl)cc1NC(=O)N2,MSGPVPSRARVYTDVNTHRPREYWDYESHVVEWGNQDDYQLVRKLGRGKYSEVFEAINITNNEKVVVKILKPVKKKKIKREIKILENLRGGPNIITLADIVKDPVSRTPALVFEHVNNTDFKQLYQTLTDYDIRFYMYEILKALDYCHSMGIMHRDVKPHNVMIDHEHRKLRLIDWGLAEFYHPGQEYNVRVASRYFKGPELLVDYQMYDYSLDMWSLGCMLASMIFRKEPFFHGHDNYDQLVRIAKVLGTEDLYDYIDKYNIELDPRFNDILGRHSRKRWERFVHSENQHLVSPEALDFLDKLLRYDHQSRLTAREAMEHPYFYTVVKDQARMGSSSMPGGSTPVSSANMMSGISSVPTPSPLGPLAGSPVIAAANPLGMPVPAAAGAQQ,11.300000237
Cc1ccc(NC(=O)c2cccc(C(F)(F)F)c2)cc1C(=O)Nc1cnc(Nc2ccc(N3CCN(C)CC3)cc2)nc1,MRRRRRRDGFYPAPDFRDREAEDMAGVFDIDLDQPEDAGSEDELEEGGQLNESMDHGGVGPYELGMEHCEKFEISETSVNRGPEKIRPECFELLRVLGKGGYGKVFQVRKVTGANTGKIFAMKVLKKAMIVRNAKDTAHTKAERNILEEVKHPFIVDLIYAFQTGGKLYLILEYLSGGELFMQLEREGIFMEDTACFYLAEISMALGHLHQKGIIYRDLKPENIMLNHQGHVKLTDFGLCKESIHDGTVTHTFCGTIEYMAPEILMRSGHNRAVDWWSLGALMYDMLTGAPPFTGENRKKTIDKILKCKLNLPPYLTQEARDLLKKLLKRNAASRLGAGPGDAGEVQAHPFFRHINWEELLARKVEPPFKPLLQSEEDVSQFDSKFTRQTPVDSPDDSTLSESANQVFLGFTYVAPSVLESVKEKFSFEPKIRSPRRFIGSPRTPVSPVKFSPGDFWGRGASASTANPQTPVEYPMETSGIEQMDVTMSGEASAPLPIRQPNSGPYKKQAFPMISKRPEHLRMNL,10.1
Cc1cccc(Nc2nccc(Nc3c(NC(C)C(C)(C)C)c(=O)c3=O)n2)c1,MGCIKSKGKDSLSDDGVDLKTQPVRNTERTIYVRDPTSNKQQRPVPESQLLPGQRFQTKDPEEQGDIVVALYPYDGIHPDDLSFKKGEKMKVLEEHGEWWKAKSLLTKKEGFIPSNYVAKLNTLETEEWFFKDITRKDAERQLLAPGNSAGAFLIRESETLKGSFSLSVRDFDPVHGDVIKHYKIRSLDNGGYYISPRITFPCISDMIKHYQKQADGLCRRLEKACISPKPQKPWDKDAWEIPRESIKLVKRLGAGQFGEVWMGYYNNSTKVAVKTLKPGTMSVQAFLEEANLMKTLQHDKLVRLYAVVTREEPIYIITEYMAKGSLLDFLKSDEGGKVLLPKLIDFSAQIAEGMAYIERKNYIHRDLRAANVLVSESLMCKIADFGLARVIEDNEYTAREGAKFPIKWTAPEAINFGCFTIKSDVWSFGILLYEIVTYGKIPYPGRTNADVMTALSQGYRMPRVENCPDELYDIMKMCWKEKAEERPTFDYLQSVLDDFYTATEGQYQQQP,11.900000875
O=C(Nc1cnc2[nH]cc(-c3ccccc3)c2c1)c1cccc(F)c1F,MGGTARGPGRKDAGPPGAGLPPQQRRLGDGVYDTFMMIDETKCPPCSNVLCNPSEPPPPRRLNMTTEQFTGDHTQHFLDGGEMKVEQLFQEFGNRKSNTIQSDGISDSEKCSPTVSQGKSSDCLNTVKSNSSSKAPKVVPLTPEQALKQYKHHLTAYEKLEIINYPEIYFVGPNAKKRHGVIGGPNNGGYDDADGAYIHVPRDHLAYRYEVLKIIGKGSFGQVARVYDHKLRQYVALKMVRNEKRFHRQAAEEIRILEHLKKQDKTGSMNVIHMLESFTFRNHVCMAFELLSIDLYELIKKNKFQGFSVQLVRKFAQSILQSLDALHKNKIIHCDLKPENILLKHHGRSSTKVIDFGSSCFEYQKLYTYIQSRFYRAPEIILGSRYSTPIDIWSFGCILAELLTGQPLFPGEDEGDQLACMMELLGMPPPKLLEQSKRAKYFINSKGIPRYCSVTTQADGRVVLVGGRSRRGKKRGPPGSKDWGTALKGCDDYLFIEFLKRCLHWDPSARLTPAQALRHPWISKSVPRPLTTIDKVSGKRVVNPASAFQGLGSKLPPVVGIANKLKANLMSETNGSIPLCSVLPKLIS,11.500000186
CC(C)(C)OC(=O)n1cc(-c2cncn2C2CCCCC2)c2ccccc21,MPHPRRYHSSERGSRGSYREHYRSRKHKRRRSRSWSSSSDRTRRRRREDSYHVRSRSSYDDRSSDRRVYDRRYCGSYRRNDYSRDRGDAYYDTDYRHSYEYQRENSSYRSQRSSRRKHRRRRRRSRTFSRSSSQHSSRRAKSVEDDAEGHLIYHVGDWLQERYEIVSTLGEGTFGRVVQCVDHRRGGARVALKIIKNVEKYKEAARLEINVLEKINEKDPDNKNLCVQMFDWFDYHGHMCISFELLGLSTFDFLKDNNYLPYPIHQVRHMAFQLCQAVKFLHDNKLTHTDLKPENILFVNSDYELTYNLEKKRDERSVKSTAVRVVDFGSATFDHEHHSTIVSTRHYRAPEVILELGWSQPCDVWSIGCIIFEYYVGFTLFQTHDNREHLAMMERILGPIPSRMIRKTRKQKYFYRGRLDWDENTSAGRYVRENCKPLRRYLTSEAEEHHQLFDLIESMLEYEPAKRLTLGEALQHPFFARLRAEPPNKLWDSSRDISR,11.200000128
N=c1ccc(-c2ccccc2)nn1CCCCCCCCCCC(=O)Nc1ccc(-c2ccccc2)nn1,MGNAAAAKKGSEQESVKEFLAKAKEDFLKKWESPAQNTAHLDQFERIKTLGTGSFGRVMLVKHKETGNHYAMKILDKQKVVKLKQIEHTLNEKRILQAVNFPFLVKLEFSFKDNSNLYMVMEYVPGGEMFSHLRRIGRFSEPHARFYAAQIVLTFEYLHSLDLIYRDLKPENLLIDQQGYIQVTDFGFAKRVKGRTWTLCGTPEYLAPEIILSKGYNKAVDWWALGVLIYEMAAGYPPFFADQPIQIYEKIVSGKVRFPSHFSSDLKDLLRNLLQVDLTKRFGNLKNGVNDIKNHKWFATTDWIAIYQRKVEAPFIPKFKGPGDTSNFDDYEEEEIRVSINEKCGKEFSEF,10.1
CS(=O)(=O)N(Cc1ccc2[nH]c(=O)c3cccn3c2c1)C1CC1,MSSPPPARSGFYRQEVTKTAWEVRAVYRDLQPVGSGAYGAVCSAVDGRTGAKVAIKKLYRPFQSELFAKRAYRELRLLKHMRHENVIGLLDVFTPDETLDDFTDFYLVMPFMGTDLGKLMKHEKLGEDRIQFLVYQMLKGLRYIHAAGIIHRDLKPGNLAVNEDCELKILDFGLARQADSEMTGYVVTRWYRAPEVILNWMRYTQTVDIWSVGCIMAEMITGKTLFKGSDHLDQLKEIMKVTGTPPAEFVQRLQSDEAKNYMKGLPELEKKDFASILTNASPLAVNLLEKMLVLDAEQRVTAGEALAHPYFESLHDTEDEPQVQKYDDSFDDVDRTLDEWKRVTYKEVLSFKPPRQLGARVSKETPL,12.599996932
Nc1nccc2scc(-c3ccc(NC(=O)Nc4cccc(Br)c4)cc3)c12,MNNFILLEEQLIKKSQQKRRTSPSNFKVRFFVLTKASLAYFEDRHGKKRTLKGSIELSRIKCVEIVKSDISIPCHYKYPFQVVHDNYLLYVFAPDRESRQRWVLALKEETRNNNSLVPKYHPNFWMDGKWRCCSQLEKLATGCAQYDPTKNASKKPLPPTPEDNRRPLWEPEETVVIALYDYQTNDPQELALRRNEEYCLLDSSEIHWWRVQDRNGHEGYVPSSYLVEKSPNNLETYEWYNKSISRDKAEKLLLDTGKEGAFMVRDSRTAGTYTVSVFTKAVVSENNPCIKHYHIKETNDNPKRYYVAEKYVFDSIPLLINYHQHNGGGLVTRLRYPVCFGRQKAPVTAGLRYGKWVIDPSELTFVQEIGSGQFGLVHLGYWLNKDKVAIKTIREGAMSEEDFIEEAEVMMKLSHPKLVQLYGVCLEQAPICLVFEFMEHGCLSDYLRTQRGLFAAETLLGMCLDVCEGMAYLEEACVIHRDLAARNCLVGENQVIKVSDFGMTRFVLDDQYTSSTGTKFPVKWASPEVFSFSRYSSKSDVWSFGVLMWEVFSEGKIPYENRSNSEVVEDISTGFRLYKPRLASTHVYQIMNHCWKERPEDRPAFSRLLRQLAEIAESGL,11.900000875
Oc1cc(O)cc(C=Cc2ccc(O)c(O)c2)c1,MGTSHPAFLVLGCLLTGLSLILCQLSLPSILPNENEKVVQLNSSFSLRCFGESEVSWQYPMSEEESSDVEIRNEENNSGLFVTVLEVSSASAAHTGLYTCYYNHTQTEENELEGRHIYIYVPDPDVAFVPLGMTDYLVIVEDDDSAIIPCRTTDPETPVTLHNSEGVVPASYDSRQGFNGTFTVGPYICEATVKGKKFQTIPFNVYALKATSELDLEMEALKTVYKSGETIVVTCAVFNNEVVDLQWTYPGEVKGKGITMLEEIKVPSIKLVYTLTVPEATVKDSGDYECAARQATREVKEMKKVTISVHEKGFIEIKPTFSQLEAVNLHEVKHFVVEVRAYPPPRISWLKNNLTLIENLTEITTDVEKIQEIRYRSKLKLIRAKEEDSGHYTIVAQNEDAVKSYTFELLTQVPSSILDLVDDHHGSTGGQTVRCTAEGTPLPDIEWMICKDIKKCNNETSWTILANNVSNIITEIHSRDRSTVEGRVTFAKVEETIAVRCLAKNLLGAENRELKLVAPTLRSELTVAAAVLVLLVIVIISLIVLVVIWKQKPRYEIRWRVIESISPDGHEYIYVDPMQLPYDSRWEFPRDGLVLGRVLGSGAFGKVVEGTAYGLSRSQPVMKVAVKMLKPTARSSEKQALMSELKIMTHLGPHLNIVNLLGACTKSGPIYIITEYCFYGDLVNYLHKNRDSFLSHHPEKPKKELDIFGLNPADESTRSYVILSFENNGDYMDMKQADTTQYVPMLERKEVSKYSDIQRSLYDRPASYKKKSMLDSEVKNLLSDDNSEGLTLLDLLSFTYQVARGMEFLASKNCVHRDLAARNVLLAQGKIVKICDFGLARDIMHDSNYVSKGSTFLPVKWMAPESIFDNLYTTLSDVWSYGILLWEIFSLGGTPYPGMMVDSTFYNKIKSGYRMAKPDHATSEVYEIMVKCWNSEPEKRPSFYHLSEIVENLLPGQYKKSYEKIHLDFLKSDHPAVARMRVDSDNAYIGVTYKNEEDKLKDWEGGLDEQRLSADSGYIIPLPDIDPVPEEEDLGKRNRHSSQTSEESAIETGSSSSTFIKREDETIEDIDMMDDIGIDSSDLVEDSFL,12.1
COCCNc1nccc(-c2c(-c3ccc(F)cc3)nc3cnccn23)n1,MRHSKRTHCPDWDSRESWGHESYRGSHKRKRRSHSSTQENRHCKPHHQFKESDCHYLEARSLNERDYRDRRYVDEYRNDYCEGYVPRHYHRDIESGYRIHCSKSSVRSRRSSPKRKRNRHCSSHQSRSKSHRRKRSRSIEDDEEGHLICQSGDVLRARYEIVDTLGEGAFGKVVECIDHGMDGMHVAVKIVKNVGRYREAARSEIQVLEHLNSTDPNSVFRCVQMLEWFDHHGHVCIVFELLGLSTYDFIKENSFLPFQIDHIRQMAYQICQSINFLHHNKLTHTDLKPENILFVKSDYVVKYNSKMKRDERTLKNTDIKVVDFGSATYDDEHHSTLVSTRHYRAPEVILALGWSQPCDVWSIGCILIEYYLGFTVFQTHDSKEHLAMMERILGPIPQHMIQKTRKRKYFHHNQLDWDEHSSAGRYVRRRCKPLKEFMLCHDEEHEKLFDLVRRMLEYDPTQRITLDEALQHPFFDLLKKK,12.799991797
CCC(N)(C#Cc1cnc(N)c2c(-c3ccc(NC(=O)Nc4cccc(C)c4)cc3)csc12)CC,MLGAVEGPRWKQAEDIRDIYDFRDVLGTGAFSEVILAEDKRTQKLVAIKCIAKEALEGKEGSMENEIAVLHKIKHPNIVALDDIYESGGHLYLIMQLVSGGELFDRIVEKGFYTERDASRLIFQVLDAVKYLHDLGIVHRDLKPENLLYYSLDEDSKIMISDFGLSKMEDPGSVLSTACGTPGYVAPEVLAQKPYSKAVDCWSIGVIAYILLCGYPPFYDENDAKLFEQILKAEYEFDSPYWDDISDSAKDFIRHLMEKDPEKRFTCEQALQHPWIAGDTALDKNIHQSVSEQIKKNFAKSKWKQAFNATAVVRHMRKLQLGTSQEGQGQTASHGELLTPVAGGPAAGCCCRDCCVEPGTELSPTLPHQL,11.699999383
CC(C)COc1nccn2c(-c3ccnc(NCC(C)(C)CO)n3)c(-c3ccc(F)cc3)nc12,MGCGCSSHPEDDWMENIDVCENCHYPIVPLDGKGTLLIRNGSEVRDPLVTYEGSNPPASPLQDNLVIALHSYEPSHDGDLGFEKGEQLRILEQSGEWWKAQSLTTGQEGFIPFNFVAKANSLEPEPWFFKNLSRKDAERQLLAPGNTHGSFLIRESESTAGSFSLSVRDFDQNQGEVVKHYKIRNLDNGGFYISPRITFPGLHELVRHYTNASDGLCTRLSRPCQTQKPQKPWWEDEWEVPRETLKLVERLGAGQFGEVWMGYYNGHTKVAVKSLKQGSMSPDAFLAEANLMKQLQHQRLVRLYAVVTQEPIYIITEYMENGSLVDFLKTPSGIKLTINKLLDMAAQIAEGMAFIEERNYIHRDLRAANILVSDTLSCKIADFGLARLIEDNEYTAREGAKFPIKWTAPEAINYGTFTIKSDVWSFGILLTEIVTHGRIPYPGMTNPEVIQNLERGYRMVRPDNCPEELYQLMRLCWKERPEDRPTFDYLRSVLEDFFTATEGQYQPQP,11.500000186
O=C(NCc1ccc(Cl)c(Cl)c1)Nc1ccc2[nH]ncc2c1,MVQKKPAELQGFHRSFKGQNPFELAFSLDQPDHGDSDFGLQCSARPDMPASQPIDIPDAKKRGKKKKRGRATDSFSGRFEDVYQLQEDVLGEGAHARVQTCINLITSQEYAVKIIEKQPGHIRSRVFREVEMLYQCQGHRNVLELIEFFEEEDRFYLVFEKMRGGSILSHIHKRRHFNELEASVVVQDVASALDFLHNKGIAHRDLKPENILCEHPNQVSPVKICDFDLGSGIKLNGDCSPISTPELLTPCGSAEYMAPEVVEAFSEEASIYDKRCDLWSLGVILYILLSGYPPFVGRCGSDCGWDRGEACPACQNMLFESIQEGKYEFPDKDWAHISCAAKDLISKLLVRDAKQRLSAAQVLQHPWVQGCAPENTLPTPMVLQRNSCAKDLTSFAAEAIAMNRQLAQHDEDLAEEEAAGQGQPVLVRATSRCLQLSPPSQSKLAQRRQRASLSSAPVVLVGDHA,11.500000186
Cc1cc(=O)[nH]nc1-c1ccc(NC(=O)Nc2cc(C(F)(F)F)ccc2F)cc1,MSPFLRIGLSNFDCGSCQSCQGEAVNPYCAVLVKEYVESENGQMYIQKKPTMYPPWDSTFDAHINKGRVMQIIVKGKNVDLISETTVELYSLAERCRKNNGKTEIWLELKPQGRMLMNARYFLEMSDTKDMNEFETEGFFALHQRRGAIKQAKVHHVKCHEFTATFFPQPTFCSVCHEFVWGLNKQGYQCRQCNAAIHKKCIDKVIAKCTGSAINSRETMFHKERFKIDMPHRFKVYNYKSPTFCEHCGTLLWGLARQGLKCDACGMNVHHRCQTKVANLCGINQKLMAEALAMIESTQQARCLRDTEQIFREGPVEIGLPCSIKNEARPPCLPTPGKREPQGISWESPLDEVDKMCHLPEPELNKERPSLQIKLKIEDFILHKMLGKGSFGKVFLAEFKKTNQFFAIKALKKDVVLMDDDVECTMVEKRVLSLAWEHPFLTHMFCTFQTKENLFFVMEYLNGGDLMYHIQSCHKFDLSRATFYAAEIILGLQFLHSKGIVYRDLKLDNILLDKDGHIKIADFGMCKENMLGDAKTNTFCGTPDYIAPEILLGQKYNHSVDWWSFGVLLYEMLIGQSPFHGQDEEELFHSIRMDNPFYPRWLEKEAKDLLVKLFVREPEKRLGVRGDIRQHPLFREINWEELERKEIDPPFRPKVKSPFDCSNFDKEFLNEKPRLSFADRALINSMDQNMFRNFSFMNPGMERLIS,11.699999383
CN(C)CC1CCn2c(c(C3=C(c4cn(C)c5ccccc45)C(=O)NC3=O)c3ccccc32)C1,MSAPPVLRPPSPLLPVAAAAAAAAAALVPGSGPGPAPFLAPVAAPVGGISFHLQIGLSREPVLLLQDSSGDYSLAHVREMACSIVDQKFPECGFYGMYDKILLFRHDPTSENILQLVKAASDIQEGDLIEVVLSASATFEDFQIRPHALFVHSYRAPAFCDHCGEMLWGLVRQGLKCEGCGLNYHKRCAFKIPNNCSGVRRRRLSNVSLTGVSTIRTSSAELSTSAPDEPLLQKSPSESFIGREKRSNSQSYIGRPIHLDKILMSKVKVPHTFVIHSYTRPTVCQYCKKLLKGLFRQGLQCKDCRFNCHKRCAPKVPNNCLGEVTINGDLLSPGAESDVVMEEGSDDNDSERNSGLMDDMEEAMVQDAEMAMAECQNDSGEMQDPDPDHEDANRTISPSTSNNIPLMRVVQSVKHTKRKSSTVMKEGWMVHYTSKDTLRKRHYWRLDSKCITLFQNDTGSRYYKEIPLSEILSLEPVKTSALIPNGANPHCFEITTANVVYYVGENVVNPSSPSPNNSVLTSGVGADVARMWEIAIQHALMPVIPKGSSVGTGTNLHRDISVSISVSNCQIQENVDISTVYQIFPDEVLGSGQFGIVYGGKHRKTGRDVAIKIIDKLRFPTKQESQLRNEVAILQNLHHPGVVNLECMFETPERVFVVMEKLHGDMLEMILSSEKGRLPEHITKFLITQILVALRHLHFKNIVHCDLKPENVLLASADPFPQVKLCDFGFARIIGEKSFRRSVVGTPAYLAPEVLRNKGYNRSLDMWSVGVIIYVSLSGTFPFNEDEDIHDQIQNAAFMYPPNPWKEISHEAIDLINNLLQVKMRKRYSVDKTLSHPWLQDYQTWLDLRELECKIGERYITHESDDLRWEKYAGEQGLQYPTHLINPSASHSDTPETEETEMKALGERVSIL,13.864471553
COc1cc(-c2ccc3c(c2)NC(=O)C3=Cc2ccc[nH]2)ccc1O,MAGLGPGVGDSEGGPRPLFCRKGALRQKVVHEVKSHKFTARFFKQPTFCSHCTDFIWGIGKQGLQCQVCSFVVHRRCHEFVTFECPGAGKGPQTDDPRNKHKFRLHSYSSPTFCDHCGSLLYGLVHQGMKCSCCEMNVHRRCVRSVPSLCGVDHTERRGRLQLEIRAPTADEIHVTVGEARNLIPMDPNGLSDPYVKLKLIPDPRNLTKQKTRTVKATLNPVWNETFVFNLKPGDVERRLSVEVWDWDRTSRNDFMGAMSFGVSELLKAPVDGWYKLLNQEEGEYYNVPVADADNCSLLQKFEACNYPLELYERVRMGPSSSPIPSPSPSPTDPKRCFFGASPGRLHISDFSFLMVLGKGSFGKVMLAERRGSDELYAIKILKKDVIVQDDDVDCTLVEKRVLALGGRGPGGRPHFLTQLHSTFQTPDRLYFVMEYVTGGDLMYHIQQLGKFKEPHAAFYAAEIAIGLFFLHNQGIIYRDLKLDNVMLDAEGHIKITDFGMCKENVFPGTTTRTFCGTPDYIAPEIIAYQPYGKSVDWWSFGVLLYEMLAGQPPFDGEDEEELFQAIMEQTVTYPKSLSREAVAICKGFLTKHPGKRLGSGPDGEPTIRAHGFFRWIDWERLERLEIPPPFRPRPCGRSGENFDKFFTRAAPALTPPDRLVLASIDQADFQGFTYVNPDFVHPDARSPTSPVPVPVM,10.401029995999998
NC(COc1cncc(-c2ccc3c(c2)C(=Cc2ccc[nH]2)C(=O)N3)c1)Cc1ccccc1,MKSGSGGGSPTSLWGLLFLSAALSLWPTSGEICGPGIDIRNDYQQLKRLENCTVIEGYLHILLISKAEDYRSYRFPKLTVITEYLLLFRVAGLESLGDLFPNLTVIRGWKLFYNYALVIFEMTNLKDIGLYNLRNITRGAIRIEKNADLCYLSTVDWSLILDAVSNNYIVGNKPPKECGDLCPGTMEEKPMCEKTTINNEYNYRCWTTNRCQKMCPSTCGKRACTENNECCHPECLGSCSAPDNDTACVACRHYYYAGVCVPACPPNTYRFEGWRCVDRDFCANILSAESSDSEGFVIHDGECMQECPSGFIRNGSQSMYCIPCEGPCPKVCEEEKKTKTIDSVTSAQMLQGCTIFKGNLLINIRRGNNIASELENFMGLIEVVTGYVKIRHSHALVSLSFLKNLRLILGEEQLEGNYSFYVLDNQNLQQLWDWDHRNLTIKAGKMYFAFNPKLCVSEIYRMEEVTGTKGRQSKGDINTRNNGERASCESDVLHFTSTTTSKNRIIITWHRYRPPDYRDLISFTVYYKEAPFKNVTEYDGQDACGSNSWNMVDVDLPPNKDVEPGILLHGLKPWTQYAVYVKAVTLTMVENDHIRGAKSEILYIRTNASVPSIPLDVLSASNSSSQLIVKWNPPSLPNGNLSYYIVRWQRQPQDGYLYRHNYCSKDKIPIRKYADGTIDIEEVTENPKTEVCGGEKGPCCACPKTEAEKQAEKEEAEYRKVFENFLHNSIFVPRPERKRRDVMQVANTTMSSRSRNTTAADTYNITDPEELETEYPFFESRVDNKERTVISNLRPFTLYRIDIHSCNHEAEKLGCSASNFVFARTMPAEGADDIPGPVTWEPRPENSIFLKWPEPENPNGLILMYEIKYGSQVEDQRECVSRQEYRKYGGAKLNRLNPGNYTARIQATSLSGNGSWTDPVFFYVQAKTGYENFIHLIIALPVAVLLIVGGLVIMLYVFHRKRNNSRLGNGVLYASVNPEYFSAADVYVPDEWEVAREKITMSRELGQGSFGMVYEGVAKGVVKDEPETRVAIKTVNEAASMRERIEFLNEASVMKEFNCHHVVRLLGVVSQGQPTLVIMELMTRGDLKSYLRSLRPEMENNPVLAPPSLSKMIQMAGEIADGMAYLNANKFVHRDLAARNCMVAEDFTVKIGDFGMTRDIYETDYYRKGGKGLLPVRWMSPESLKDGVFTTYSDVWSFGVVLWEIATLAEQPYQGLSNEQVLRFVMEGGLLDKPDNCPDMLFELMRMCWQYNPKMRPSFLEIISSIKEEMEPGFREVSFYYSEENKLPEPEELDLEPENMESVPLDPSASSSSLPLPDRHSGHKAENGPGPGVLVLRASFDERQPYAHMNGGRKNERALPLPQSSTC,12.1
Cc1ccc(CNc2c(Nc3ccncc3)c(=O)c2=O)cc1,MNKPITPSTYVRCLNVGLIRKLSDFIDPQEGWKKLAVAIKKPSGDDRYNQFHIRRFEALLQTGKSPTSELLFDWGTTNCTVGDLVDLLIQNEFFAPASLLLPDAVPKTANTLPSKEAITVQQKQMPFCDKDRTLMTPVQNLEQSYMPPDSSSPENKSLEVSDTRFHSFSFYELKNVTNNFDERPISVGGNKMGEGGFGVVYKGYVNNTTVAVKKLAAMVDITTEELKQQFDQEIKVMAKCQHENLVELLGFSSDGDDLCLVYVYMPNGSLLDRLSCLDGTPPLSWHMRCKIAQGAANGINFLHENHHIHRDIKSANILLDEAFTAKISDFGLARASEKFAQTVMTSRIVGTTAYMAPEALRGEITPKSDIYSFGVVLLEIITGLPAVDEHREPQLLLDIKEEIEDEEKTIEDYIDKKMNDADSTSVEAMYSVASQCLHEKKNKRPDIKKVQQLLQEMTAS,11.1
Cc1nccn2c(-c3ccnc(NCC(C)(C)O)n3)c(-c3ccc(F)cc3F)nc12,MKAPAVLAPGILVLLFTLVQRSNGECKEALAKSEMNVNMKYQLPNFTAETPIQNVILHEHHIFLGATNYIYVLNEEDLQKVAEYKTGPVLEHPDCFPCQDCSSKANLSGGVWKDNINMALVVDTYYDDQLISCGSVNRGTCQRHVFPHNHTADIQSEVHCIFSPQIEEPSQCPDCVVSALGAKVLSSVKDRFINFFVGNTINSSYFPDHPLHSISVRRLKETKDGFMFLTDQSYIDVLPEFRDSYPIKYVHAFESNNFIYFLTVQRETLDAQTFHTRIIRFCSINSGLHSYMEMPLECILTEKRKKRSTKKEVFNILQAAYVSKPGAQLARQIGASLNDDILFGVFAQSKPDSAEPMDRSAMCAFPIKYVNDFFNKIVNKNNVRCLQHFYGPNHEHCFNRTLLRNSSGCEARRDEYRTEFTTALQRVDLFMGQFSEVLLTSISTFIKGDLTIANLGTSEGRFMQVVVSRSGPSTPHVNFLLDSHPVSPEVIVEHTLNQNGYTLVITGKKITKIPLNGLGCRHFQSCSQCLSAPPFVQCGWCHDKCVRSEECLSGTWTQQICLPAIYKVFPNSAPLEGGTRLTICGWDFGFRRNNKFDLKKTRVLLGNESCTLTLSESTMNTLKCTVGPAMNKHFNMSIIISNGHGTTQYSTFSYVDPVITSISPKYGPMAGGTLLTLTGNYLNSGNSRHISIGGKTCTLKSVSNSILECYTPAQTISTEFAVKLKIDLANRETSIFSYREDPIVYEIHPTKSFISGGSTITGVGKNLNSVSVPRMVINVHEAGRNFTVACQHRSNSEIICCTTPSLQQLNLQLPLKTKAFFMLDGILSKYFDLIYVHNPVFKPFEKPVMISMGNENVLEIKGNDIDPEAVKGEVLKVGNKSCENIHLHSEAVLCTVPNDLLKLNSELNIEWKQAISSTVLGKVIVQPDQNFTGLIAGVVSISTALLLLLGFFLWLKKRKQIKDLGSELVRYDARVHTPHLDRLVSARSVSPTTEMVSNESVDYRATFPEDQFPNSSQNGSCRQVQYPLTDMSPILTSGDSDISSPLLQNTVHIDLSALNPELVQAVQHVVIGPSSLIVHFNEVIGRGHFGCVYHGTLLDNDGKKIHCAVKSLNRITDIGEVSQFLTEGIIMKDFSHPNVLSLLGICLRSEGSPLVVLPYMKHGDLRNFIRNETHNPTVKDLIGFGLQVAKGMKYLASKKFVHRDLAARNCMLDEKFTVKVADFGLARDMYDKEYYSVHNKTGAKLPVKWMALESLQTQKFTTKSDVWSFGVLLWELMTRGAPPYPDVNTFDITVYLLQGRRLLQPEYCPDPLYEVMLKCWHPKAEMRPSFSELVSRISAIFSTFIGEHYVHVNATYVNVKCVAPYPSLLSSEDNADDEVDTRPASFWETS,11.699999383
CCN1C(=O)N(C)c2cnc(Nc3ccc(C(=O)NC4CCN(C)CC4)cc3OC)nc2N1C1CCCC1,MGGTARGPGRKDAGPPGAGLPPQQRRLGDGVYDTFMMIDETKCPPCSNVLCNPSEPPPPRRLNMTTEQFTGDHTQHFLDGGEMKVEQLFQEFGNRKSNTIQSDGISDSEKCSPTVSQGKSSDCLNTVKSNSSSKAPKVVPLTPEQALKQYKHHLTAYEKLEIINYPEIYFVGPNAKKRHGVIGGPNNGGYDDADGAYIHVPRDHLAYRYEVLKIIGKGSFGQVARVYDHKLRQYVALKMVRNEKRFHRQAAEEIRILEHLKKQDKTGSMNVIHMLESFTFRNHVCMAFELLSIDLYELIKKNKFQGFSVQLVRKFAQSILQSLDALHKNKIIHCDLKPENILLKHHGRSSTKVIDFGSSCFEYQKLYTYIQSRFYRAPEIILGSRYSTPIDIWSFGCILAELLTGQPLFPGEDEGDQLACMMELLGMPPPKLLEQSKRAKYFINSKGIPRYCSVTTQADGRVVLVGGRSRRGKKRGPPGSKDWGTALKGCDDYLFIEFLKRCLHWDPSARLTPAQALRHPWISKSVPRPLTTIDKVSGKRVVNPASAFQGLGSKLPPVVGIANKLKANLMSETNGSIPLCSVLPKLIS,11.300000237
CC(C)n1nnc2ccc(-c3c(-c4ccc(F)cc4F)nc4occn34)cc21,MPSTNRAGSLKDPEIAELFFKEDPEKLFTDLREIGHGSFGAVYFARDVRTNEVVAIKKMSYSGKQSTEKWQDIIKEVKFLQRIKHPNSIEYKGCYLREHTAWLVMEYCLGSASDLLEVHKKPLQEVEIAAITHGALQGLAYLHSHTMIHRDIKAGNILLTEPGQVKLADFGSASMASPANSFVGTPYWMAPEVILAMDEGQYDGKVDVWSLGITCIELAERKPPLFNMNAMSALYHIAQNESPTLQSNEWSDYFRNFVDSCLQKIPQDRPTSEELLKHIFVLRERPETVLIDLIQRTKDAVRELDNLQYRKMKKLLFQEAHNGPAVEAQEEEEEQDHGVGRTGTVNSVGSNQSIPSMSISASSQSSSVNSLPDVSDDKSELDMMEGDHTVMSNSSVIHLKPEEENYREEGDPRTRASDPQSPPQVSRHKSHYRNREHFATIRTASLVTRQMQEHEQDSELREQMSGYKRMRRQHQKQLMTLENKLKAEMDEHRLRLDKDLETQRNNFAAEMEKLIKKHQAAMEKEAKVMSNEEKKFQQHIQAQQKKELNSFLESQKREYKLRKEQLKEELNENQSTPKKEKQEWLSKQKENIQHFQAEEEANLLRRQRQYLELECRRFKRRMLLGRHNLEQDLVREELNKRQTQKDLEHAMLLRQHESMQELEFRHLNTIQKMRCELIRLQHQTELTNQLEYNKRRERELRRKHVMEVRQQPKSLKSKELQIKKQFQDTCKIQTRQYKALRNHLLETTPKSEHKAVLKRLKEEQTRKLAILAEQYDHSINEMLSTQALRLDEAQEAECQVLKMQLQQELELLNAYQSKIKMQAEAQHDRELRELEQRVSLRRALLEQKIEEEMLALQNERTERIRSLLERQAREIEAFDSESMRLGFSNMVLSNLSPEAFSHSYPGASGWSHNPTGGPGPHWGHPMGGPPQAWGHPMQGGPQPWGHPSGPMQGVPRGSSMGVRNSPQALRRTASGGRTEQGMSRSTSVTSQISNGSHMSYT,11.1
O=C1Cc2c([nH]c3ccc([N+](=O)[O-])cc23)-c2ccccc2N1,MSSPPPARSGFYRQEVTKTAWEVRAVYRDLQPVGSGAYGAVCSAVDGRTGAKVAIKKLYRPFQSELFAKRAYRELRLLKHMRHENVIGLLDVFTPDETLDDFTDFYLVMPFMGTDLGKLMKHEKLGEDRIQFLVYQMLKGLRYIHAAGIIHRDLKPGNLAVNEDCELKILDFGLARQADSEMTGYVVTRWYRAPEVILNWMRYTQTVDIWSVGCIMAEMITGKTLFKGSDHLDQLKEIMKVTGTPPAEFVQRLQSDEAKNYMKGLPELEKKDFASILTNASPLAVNLLEKMLVLDAEQRVTAGEALAHPYFESLHDTEDEPQVQKYDDSFDDVDRTLDEWKRVTYKEVLSFKPPRQLGARVSKETPL,11.300000237
COc1cc(S(C)(=O)=O)c(OC)cc1CC(=O)Nc1cc(N)c(C#N)c(OC(C)C)n1,MPALARDGGQLPLLVVFSAMIFGTITNQDLPVIKCVLINHKNNDSSVGKSSSYPMVSESPEDLGCALRPQSSGTVYEAAAVEVDVSASITLQVLVDAPGNISCLWVFKHSSLNCQPHFDLQNRGVVSMVILKMTETQAGEYLLFIQSEATNYTILFTVSIRNTLLYTLRRPYFRKMENQDALVCISESVPEPIVEWVLCDSQGESCKEESPAVVKKEEKVLHELFGTDIRCCARNELGRECTRLFTIDLNQTPQTTLPQLFLKVGEPLWIRCKAVHVNHGFGLTWELENKALEEGNYFEMSTYSTNRTMIRILFAFVSSVARNDTGYYTCSSSKHPSQSALVTIVEKGFINATNSSEDYEIDQYEEFCFSVRFKAYPQIRCTWTFSRKSFPCEQKGLDNGYSISKFCNHKHQPGEYIFHAENDDAQFTKMFTLNIRRKPQVLAEASASQASCFSDGYPLPSWTWKKCSDKSPNCTEEITEGVWNRKANRKVFGQWVSSSTLNMSEAIKGFLVKCCAYNSLGTSCETILLNSPGPFPFIQDNISFYATIGVCLLFIVVLTLLICHKYKKQFRYESQLQMVQVTGSSDNEYFYVDFREYEYDLKWEFPRENLEFGKVLGSGAFGKVMNATAYGISKTGVSIQVAVKMLKEKADSSEREALMSELKMMTQLGSHENIVNLLGACTLSGPIYLIFEYCCYGDLLNYLRSKREKFHRTWTEIFKEHNFSFYPTFQSHPNSSMPGSREVQIHPDSDQISGLHGNSFHSEDEIEYENQKRLEEEEDLNVLTFEDLLCFAYQVAKGMEFLEFKSCVHRDLAARNVLVTHGKVVKICDFGLARDIMSDSNYVVRGNARLPVKWMAPESLFEGIYTIKSDVWSYGILLWEIFSLGVNPYPGIPVDANFYKLIQNGFKMDQPFYATEEIYIIMQSCWAFDSRKRPSFPNLTSFLGCQLADAEEAMYQNVDGRVSECPHTYQNRRPFSREMDLGLLSPQAQVEDS,11.701029687
O=C1Cc2c([nH]c3ccc([N+](=O)[O-])cc23)-c2ccccc2N1,MSSWIRWHGPAMARLWGFCWLVVGFWRAAFACPTSCKCSASRIWCSDPSPGIVAFPRLEPNSVDPENITEIFIANQKRLEIINEDDVEAYVGLRNLTIVDSGLKFVAHKAFLKNSNLQHINFTRNKLTSLSRKHFRHLDLSELILVGNPFTCSCDIMWIKTLQEAKSSPDTQDLYCLNESSKNIPLANLQIPNCGLPSANLAAPNLTVEEGKSITLSCSVAGDPVPNMYWDVGNLVSKHMNETSHTQGSLRITNISSDDSGKQISCVAENLVGEDQDSVNLTVHFAPTITFLESPTSDHHWCIPFTVKGNPKPALQWFYNGAILNESKYICTKIHVTNHTEYHGCLQLDNPTHMNNGDYTLIAKNEYGKDEKQISAHFMGWPGIDDGANPNYPDVIYEDYGTAANDIGDTTNRSNEIPSTDVTDKTGREHLSVYAVVVIASVVGFCLLVMLFLLKLARHSKFGMKGPASVISNDDDSASPLHHISNGSNTPSSSEGGPDAVIIGMTKIPVIENPQYFGITNSQLKPDTFVQHIKRHNIVLKRELGEGAFGKVFLAECYNLCPEQDKILVAVKTLKDASDNARKDFHREAELLTNLQHEHIVKFYGVCVEGDPLIMVFEYMKHGDLNKFLRAHGPDAVLMAEGNPPTELTQSQMLHIAQQIAAGMVYLASQHFVHRDLATRNCLVGENLLVKIGDFGMSRDVYSTDYYRVGGHTMLPIRWMPPESIMYRKFTTESDVWSLGVVLWEIFTYGKQPWYQLSNNEVIECITQGRVLQRPRTCPQEVYELMLGCWQREPHMRKNIKGIHTLLQNLAKASPVYLDILG,11.500000186
Cn1nc(N)c2c(-c3ccc(NC(=O)Nc4cccc(C(F)(F)F)c4)cc3)cncc21,MEASLGIQMDEPMAFSPQRDRFQAEGSLKKNEQNFKLAGVKKDIEKLYEAVPQLSNVFKIEDKIGEGTFSSVYLATAQLQVGPEEKIALKHLIPTSHPIRIAAELQCLTVAGGQDNVMGVKYCFRKNDHVVIAMPYLEHESFLDILNSLSFQEVREYMLNLFKALKRIHQFGIVHRDVKPSNFLYNRRLKKYALVDFGLAQGTHDTKIELLKFVQSEAQQERCSQNKSHIITGNKIPLSGPVPKELDQQSTTKASVKRPYTNAQIQIKQGKDGKEGSVGLSVQRSVFGERNFNIHSSISHESPAVKLMKQSKTVDVLSRKLATKKKAISTKVMNSAVMRKTASSCPASLTCDCYATDKVCSICLSRRQQVAPRAGTPGFRAPEVLTKCPNQTTAIDMWSAGVIFLSLLSGRYPFYKASDDLTALAQIMTIRGSRETIQAAKTFGKSILCSKEVPAQDLRKLCERLRGMDSSTPKLTSDIQGHASHQPAISEKTDHKASCLVQTPPGQYSGNSFKKGDSNSCEHCFDEYNTNLEGWNEVPDEAYDLLDKLLDLNPASRITAEEALLHPFFKDMSL,11.999998417
O=C1C=CC(=CNNC(=O)Nc2cccc3nsnc23)C(O)=C1,MGCIKSKGKDSLSDDGVDLKTQPVRNTERTIYVRDPTSNKQQRPVPESQLLPGQRFQTKDPEEQGDIVVALYPYDGIHPDDLSFKKGEKMKVLEEHGEWWKAKSLLTKKEGFIPSNYVAKLNTLETEEWFFKDITRKDAERQLLAPGNSAGAFLIRESETLKGSFSLSVRDFDPVHGDVIKHYKIRSLDNGGYYISPRITFPCISDMIKHYQKQADGLCRRLEKACISPKPQKPWDKDAWEIPRESIKLVKRLGAGQFGEVWMGYYNNSTKVAVKTLKPGTMSVQAFLEEANLMKTLQHDKLVRLYAVVTREEPIYIITEYMAKGSLLDFLKSDEGGKVLLPKLIDFSAQIAEGMAYIERKNYIHRDLRAANVLVSESLMCKIADFGLARVIEDNEYTAREGAKFPIKWTAPEAINFGCFTIKSDVWSFGILLYEIVTYGKIPYPGRTNADVMTALSQGYRMPRVENCPDELYDIMKMCWKEKAEERPTFDYLQSVLDDFYTATEGQYQQQP,11.900000875
CNC(=O)C=Cc1cnc(N)c2c(-c3ccc4sc(C)nc4c3)csc12,MGAPACALALCVAVAIVAGASSESLGTEQRVVGRAAEVPGPEPGQQEQLVFGSGDAVELSCPPPGGGPMGPTVWVKDGTGLVPSERVLVGPQRLQVLNASHEDSGAYSCRQRLTQRVLCHFSVRVTDAPSSGDDEDGEDEAEDTGVDTGAPYWTRPERMDKKLLAVPAANTVRFRCPAAGNPTPSISWLKNGREFRGEHRIGGIKLRHQQWSLVMESVVPSDRGNYTCVVENKFGSIRQTYTLDVLERSPHRPILQAGLPANQTAVLGSDVEFHCKVYSDAQPHIQWLKHVEVNGSKVGPDGTPYVTVLKTAGANTTDKELEVLSLHNVTFEDAGEYTCLAGNSIGFSHHSAWLVVLPAEEELVEADEAGSVYAGILSYGVGFFLFILVVAAVTLCRLRSPPKKGLGSPTVHKISRFPLKRQVSLESNASMSSNTPLVRIARLSSGEGPTLANVSELELPADPKWELSRARLTLGKPLGEGCFGQVVMAEAIGIDKDRAAKPVTVAVKMLKDDATDKDLSDLVSEMEMMKMIGKHKNIINLLGACTQGGPLYVLVEYAAKGNLREFLRARRPPGLDYSFDTCKPPEEQLTFKDLVSCAYQVARGMEYLASQKCIHRDLAARNVLVTEDNVMKIADFGLARDVHNLDYYKKTTNGRLPVKWMAPEALFDRVYTHQSDVWSFGVLLWEIFTLGGSPYPGIPVEELFKLLKEGHRMDKPANCTHDLYMIMRECWHAAPSQRPTFKQLVEDLDRVLTVTSTDEYLDLSAPFEQYSPGGQDTPSSSSSGDDSVFAHDLLPPAPPSSGGSRT,13.699980365
O=c1nc(-c2ccc3[nH]ncc3c2)cc(-c2ccccc2)[nH]1,MEPFLRRRLAFLSFFWDKIWPAGGEPDHGTPGSLDPNTDPVPTLPAEPCSPFPQLFLALYDFTARCGGELSVRRGDRLCALEEGGGYIFARRLSGQPSAGLVPITHVAKASPETLSDQPWYFSGVSRTQAQQLLLSPPNEPGAFLIRPSESSLGGYSLSVRAQAKVCHYRVSMAADGSLYLQKGRLFPGLEELLTYYKANWKLIQNPLLQPCMPQKAPRQDVWERPHSEFALGRKLGEGYFGEVWEGLWLGSLPVAIKVIKSANMKLTDLAKEIQTLKGLRHERLIRLHAVCSGGEPVYIVTELMRKGNLQAFLGTPEGRALRLPPLLGFACQVAEGMSYLEEQRVVHRDLAARNVLVDDGLACKVADFGLARLLKDDIYSPSSSSKIPVKWTAPEAANYRVFSQKSDVWSFGVLLHEVFTYGQCPYEGMTNHETLQQIMRGYRLPRPAACPAEVYVLMLECWRSSPEERPSFATLREKLHAIHRCHP,11.900000875
CC(C)C(C)Nc1ncc(Cl)c(Nc2nccs2)n1,MSDSKCDSQFYSVQVADSTFTVLKRYQQLKPIGSGAQGIVCAAFDTVLGINVAVKKLSRPFQNQTHAKRAYRELVLLKCVNHKNIISLLNVFTPQKTLEEFQDVYLVMELMDANLCQVIHMELDHERMSYLLYQMLCGIKHLHSAGIIHRDLKPSNIVVKSDCTLKILDFGLARTACTNFMMTPYVVTRYYRAPEVILGMGYKENVDIWSVGCIMGELVKGCVIFQGTDHIDQWNKVIEQLGTPSAEFMKKLQPTVRNYVENRPKYPGIKFEELFPDWIFPSESERDKIKTSQARDLLSKMLVIDPDKRISVDEALRHPYITVWYDPAEAEAPPPQIYDAQLEEREHAIEEWKELIYKEVMDWEERSKNGVVKDQPSDAAVSSNATPSQSSSINDISSMSTEQTLASDTDSSLDASTGPLEGCR,12.599996932
CCn1c2cc(Cl)c(F)cc2c(=O)c2c(=O)o[nH]c21,MGNGSVKPKHSKHPDGHSGNLTTDALRNKVTELERELRRKDAEIQEREYHLKELREQLSKQTVAIAELTEELQNKCIQLNKLQDVVHMQGGSPLQASPDKVPLEVHRKTSGLVSLHSRRGAKAGVSAEPTTRTYDLNKPPEFSFEKARVRKDSSEKKLITDALNKNQFLKRLDPQQIKDMVECMYGRNYQQGSYIIKQGEPGNHIFVLAEGRLEVFQGEKLLSSIPMWTTFGELAILYNCTRTASVKAITNVKTWALDREVFQNIMRRTAQARDEQYRNFLRSVSLLKNLPEDKLTKIIDCLEVEYYDKGDYIIREGEEGSTFFILAKGKVKVTQSTEGHDQPQLIKTLQKGEYFGEKALISDDVRSANIIAEENDVACLVIDRETFNQTVGTFEELQKYLEGYVANLNRDDEKRHAKRSMSNWKLSKALSLEMIQLKEKVARFSSSSPFQNLEIIATLGVGGFGRVELVKVKNENVAFAMKCIRKKHIVDTKQQEHVYSEKRILEELCSPFIVKLYRTFKDNKYVYMLLEACLGGELWSILRDRGSFDEPTSKFCVACVTEAFDYLHRLGIIYRDLKPENLILDAEGYLKLVDFGFAKKIGSGQKTWTFCGTPEYVAPEVILNKGHDFSVDFWSLGILVYELLTGNPPFSGVDQMMTYNLILKGIEKMDFPRKITRRPEDLIRRLCRQNPTERLGNLKNGINDIKKHRWLNGFNWEGLKARSLPSPLQRELKGPIDHSYFDKYPPEKGMPPDELSGWDKDF,11.900000875
O=C(Nc1cc(-c2c[nH]c3ncccc23)cc(Cl)n1)c1c(F)cccc1F,MDVSLCPAKCSFWRIFLLGSVWLDYVGSVLACPANCVCSKTEINCRRPDDGNLFPLLEGQDSGNSNGNASINITDISRNITSIHIENWRSLHTLNAVDMELYTGLQKLTIKNSGLRSIQPRAFAKNPHLRYINLSSNRLTTLSWQLFQTLSLRELQLEQNFFNCSCDIRWMQLWQEQGEAKLNSQNLYCINADGSQLPLFRMNISQCDLPEISVSHVNLTVREGDNAVITCNGSGSPLPDVDWIVTGLQSINTHQTNLNWTNVHAINLTLVNVTSEDNGFTLTCIAENVVGMSNASVALTVYYPPRVVSLEEPELRLEHCIEFVVRGNPPPTLHWLHNGQPLRESKIIHVEYYQEGEISEGCLLFNKPTHYNNGNYTLIAKNPLGTANQTINGHFLKEPFPESTDNFILFDEVSPTPPITVTHKPEEDTFGVSIAVGLAAFACVLLVVLFVMINKYGRRSKFGMKGPVAVISGEEDSASPLHHINHGITTPSSLDAGPDTVVIGMTRIPVIENPQYFRQGHNCHKPDTYVQHIKRRDIVLKRELGEGAFGKVFLAECYNLSPTKDKMLVAVKALKDPTLAARKDFQREAELLTNLQHEHIVKFYGVCGDGDPLIMVFEYMKHGDLNKFLRAHGPDAMILVDGQPRQAKGELGLSQMLHIASQIASGMVYLASQHFVHRDLATRNCLVGANLLVKIGDFGMSRDVYSTDYYRLFNPSGNDFCIWCEVGGHTMLPIRWMPPESIMYRKFTTESDVWSFGVILWEIFTYGKQPWFQLSNTEVIECITQGRVLERPRVCPKEVYDVMLGCWQREPQQRLNIKEIYKILHALGKATPIYLDILG,11.599999679
CC1CSc2c(C(=O)O)c(=O)c3cc(F)c(N4CCC(N)C4)c(F)c3n21,MPHPRRYHSSERGSRGSYREHYRSRKHKRRRSRSWSSSSDRTRRRRREDSYHVRSRSSYDDRSSDRRVYDRRYCGSYRRNDYSRDRGDAYYDTDYRHSYEYQRENSSYRSQRSSRRKHRRRRRRSRTFSRSSSQHSSRRAKSVEDDAEGHLIYHVGDWLQERYEIVSTLGEGTFGRVVQCVDHRRGGARVALKIIKNVEKYKEAARLEINVLEKINEKDPDNKNLCVQMFDWFDYHGHMCISFELLGLSTFDFLKDNNYLPYPIHQVRHMAFQLCQAVKFLHDNKLTHTDLKPENILFVNSDYELTYNLEKKRDERSVKSTAVRVVDFGSATFDHEHHSTIVSTRHYRAPEVILELGWSQPCDVWSIGCIIFEYYVGFTLFQTHDNREHLAMMERILGPIPSRMIRKTRKQKYFYRGRLDWDENTSAGRYVRENCKPLRRYLTSEAEEHHQLFDLIESMLEYEPAKRLTLGEALQHPFFARLRAEPPNKLWDSSRDISR,11.200000128
CC(C)(C)c1cc(NC(=O)C(=O)c2cccc3ccccc23)n(-c2cccc(OCC(=O)NCCO)c2)n1,MQSTSNHLWLLSDILGQGATANVFRGRHKKTGDLFAIKVFNNISFLRPVDVQMREFEVLKKLNHKNIVKLFAIEEETTTRHKVLIMEFCPCGSLYTVLEEPSNAYGLPESEFLIVLRDVVGGMNHLRENGIVHRDIKPGNIMRVIGEDGQSVYKLTDFGAARELEDDEQFVSLYGTEEYLHPDMYERAVLRKDHQKKYGATVDLWSIGVTFYHAATGSLPFRPFEGPRRNKEVMYKIITGKPSGAISGVQKAENGPIDWSGDMPVSCSLSRGLQVLLTPVLANILEADQEKCWGFDQFFAETSDILHRMVIHVFSLQQMTAHKIYIHSYNTATIFHELVYKQTKIISSNQELIYEGRRLVLEPGRLAQHFPKTTEENPIFVVSREPLNTIGLIYEKISLPKVHPRYDLDGDASMAKAITGVVCYACRIASTLLLYQELMRKGIRWLIELIKDDYNETVHKKTEVVITLDFCIRNIEKTVKVYEKLMKINLEAAELGEISDIHTKLLRLSSSQGTIETSLQDIDSRLSPGGSLADAWAHQEGTHPKDRNVEKLQVLLNCMTEIYYQFKKDKAERRLAYNEEQIHKFDKQKLYYHATKAMTHFTDECVKKYEAFLNKSEEWIRKMLHLRKQLLSLTNQCFDIEEEVSKYQEYTNELQETLPQKMFTASSGIKHTMTPIYPSSNTLVEMTLGMKKLKEEMEGVVKELAENNHILERFGSLTMDGGLRNVDCL,11.599999679
CN1CCN(c2nc(C3=C(c4c[nH]c5ccccc45)C(=O)NC3=O)c3ccccc3n2)CC1,MAAAAAAGAGPEMVRGQVFDVGPRYTNLSYIGEGAYGMVCSAYDNVNKVRVAIKKISPFEHQTYCQRTLREIKILLRFRHENIIGINDIIRAPTIEQMKDVYIVQDLMETDLYKLLKTQHLSNDHICYFLYQILRGLKYIHSANVLHRDLKPSNLLLNTTCDLKICDFGLARVADPDHDHTGFLTEYVATRWYRAPEIMLNSKGYTKSIDIWSVGCILAEMLSNRPIFPGKHYLDQLNHILGILGSPSQEDLNCIINLKARNYLLSLPHKNKVPWNRLFPNADSKALDLLDKMLTFNPHKRIEVEQALAHPYLEQYYDPSDEPIAEAPFKFDMELDDLPKEKLKELIFEETARFQPGYRS,11.200000128
O=C(O)c1cc(-c2cccs2)n2nccc2n1,MGMACLTMTEMEGTSTSSIYQNGDISGNANSMKQIDPVLQVYLYHSLGKSEADYLTFPSGEYVAEEICIAASKACGITPVYHNMFALMSETERIWYPPNHVFHIDESTRHNVLYRIRFYFPRWYCSGSNRAYRHGISRGAEAPLLDDFVMSYLFAQWRHDFVHGWIKVPVTHETQEECLGMAVLDMMRIAKENDQTPLAIYNSISYKTFLPKCIRAKIQDYHILTRKRIRYRFRRFIQQFSQCKATARNLKLKYLINLETLQSAFYTEKFEVKEPGSGPSGEEIFATIIITGNGGIQWSRGKHKESETLTEQDLQLYCDFPNIIDVSIKQANQEGSNESRVVTIHKQDGKNLEIELSSLREALSFVSLIDGYYRLTADAHHYLCKEVAPPAVLENIQSNCHGPISMDFAISKLKKAGNQTGLYVLRCSPKDFNKYFLTFAVERENVIEYKHCLITKNENEEYNLSGTKKNFSSLKDLLNCYQMETVRSDNIIFQFTKCCPPKPKDKSNLLVFRTNGVSDVPTSPTLQRPTHMNQMVFHKIRNEDLIFNESLGQGTFTKIFKGVRREVGDYGQLHETEVLLKVLDKAHRNYSESFFEAASMMSKLSHKHLVLNYGVCVCGDENILVQEFVKFGSLDTYLKKNKNCINILWKLEVAKQLAWAMHFLEENTLIHGNVCAKNILLIREEDRKTGNPPFIKLSDPGISITVLPKDILQERIPWVPPECIENPKNLNLATDKWSFGTTLWEICSGGDKPLSALDSQRKLQFYEDRHQLPAPKWAELANLINNCMDYEPDFRPSFRAIIRDLNSLFTPDYELLTENDMLPNMRIGALGFSGAFEDRDPTQFEERHLKFLQQLGKGNFGSVEMCRYDPLQDNTGEVVAVKKLQHSTEEHLRDFEREIEILKSLQHDNIVKYKGVCYSAGRRNLKLIMEYLPYGSLRDYLQKHKERIDHIKLLQYTSQICKGMEYLGTKRYIHRDLATRNILVENENRVKIGDFGLTKVLPQDKEYYKVKEPGESPIFWYAPESLTESKFSVASDVWSFGVVLYELFTYIEKSKSPPAEFMRMIGNDKQGQMIVFHLIELLKNNGRLPRPDGCPDEIYMIMTECWNNNVNQRPSFRDLALRVDQIRDNMAG,10.900000053
CC(CN)n1nc(-c2ccc(Cl)c(O)c2)c2c(N)ncnc21,MCFSFIMPPAMADILDIWAVDSQIASDGSIPVDFLLPTGIYIQLEVPREATISYIKQMLWKQVHNYPMFNLLMDIDSYMFACVNQTAVYEELEDETRRLCDVRPFLPVLKLVTRSCDPGEKLDSKIGVLIGKGLHEFDSLKDPEVNEFRRKMRKFSEEKILSLVGLSWMDWLKQTYPPEHEPSIPENLEDKLYGGKLIVAVHFENCQDVFSFQVSPNMNPIKVNELAIQKRLTIHGKEDEVSPYDYVLQVSGRVEYVFGDHPLIQFQYIRNCVMNRALPHFILVECCKIKKMYEQEMIAIEAAINRNSSNLPLPLPPKKTRIISHVWENNNPFQIVLVKGNKLNTEETVKVHVRAGLFHGTELLCKTIVSSEVSGKNDHIWNEPLEFDINICDLPRMARLCFAVYAVLDKVKTKKSTKTINPSKYQTIRKAGKVHYPVAWVNTMVFDFKGQLRTGDIILHSWSSFPDELEEMLNPMGTVQTNPYTENATALHVKFPENKKQPYYYPPFDKIIEKAAEIASSDSANVSSRGGKKFLPVLKEILDRDPLSQLCENEMDLIWTLRQDCREIFPQSLPKLLLSIKWNKLEDVAQLQALLQIWPKLPPREALELLDFNYPDQYVREYAVGCLRQMSDEELSQYLLQLVQVLKYEPFLDCALSRFLLERALGNRRIGQFLFWHLRSEVHIPAVSVQFGVILEAYCRGSVGHMKVLSKQVEALNKLKTLNSLIKLNAVKLNRAKGKEAMHTCLKQSAYREALSDLQSPLNPCVILSELYVEKCKYMDSKMKPLWLVYNNKVFGEDSVGVIFKNGDDLRQDMLTLQMLRLMDLLWKEAGLDLRMLPYGCLATGDRSGLIEVVSTSETIADIQLNSSNVAAAAAFNKDALLNWLKEYNSGDDLDRAIEEFTLSCAGYCVASYVLGIGDRHSDNIMVKKTGQLFHIDFGHILGNFKSKFGIKRERVPFILTYDFIHVIQQGKTGNTEKFGRFRQCCEDAYLILRRHGNLFITLFALMLTAGLPELTSVKDIQYLKDSLALGKSEEEALKQFKQKFDEALRESWTTKVNWMAHTVRKDYRS,11.552225295
COc1cc(S(C)(=O)=O)c(OC)cc1CC(=O)Nc1cc(N)c(C#N)c(OC(C)C)n1,MDDAAVLKRRGYLLGINLGEGSYAKVKSAYSERLKFNVAIKIIDRKKAPADFLEKFLPREIEILAMLNHCSIIKTYEIFETSHGKVYIVMELAVQGDLLELIKTRGALHEDEARKKFHQLSLAIKYCHDLDVVHRDLKCDNLLLDKDFNIKLSDFSFSKRCLRDDSGRMALSKTFCGSPAYAAPEVLQGIPYQPKVYDIWSLGVILYIMVCGSMPYDDSNIKKMLRIQKEHRVNFPRSKHLTGECKDLIYHMLQPDVNRRLHIDEILSHCWMQPKARGSPSVAINKEGESSRGTEPLWTPEPGSDKKSATKLEPEGEAQPQAQPETKPEGTAMQMSRQSEILGFPSKPSTMETEEGPPQQPPETRAQ,11.900000875
COc1cc2ncnc(Nc3cccc(Cl)c3F)c2cc1CN1CCCC1CC(N)=O,MSQERPTFYRQELNKTIWEVPERYQNLSPVGSGAYGSVCAAFDTKTGLRVAVKKLSRPFQSIIHAKRTYRELRLLKHMKHENVIGLLDVFTPARSLEEFNDVYLVTHLMGADLNNIVKCQKLTDDHVQFLIYQILRGLKYIHSADIIHRDLKPSNLAVNEDCELKILDFGLARHTDDEMTGYVATRWYRAPEIMLNWMHYNQTVDIWSVGCIMAELLTGRTLFPGTDHIDQLKLILRLVGTPGAELLKKISSESARNYIQSLTQMPKMNFANVFIGANPLAVDLLEKMLVLDSDKRITAAQALAHAYFAQYHDPDDEPVADPYDQSFESRDLLIDEWKSLTYDEVISFVPPPLDQEEMES,11.1
CC(C)(CO)c1nnc2ccc(-c3c(-c4ccc(F)cc4F)nc4n3CCC4)nn12,MEAPLRPAADILRRNPQQDYELVQRVGSGTYGDVYKARNVHTGELAAVKIIKLEPGDDFSLIQQEIFMVKECKHCNIVAYFGSYLSREKLWICMEYCGGGSLQDIYHVTGPLSELQIAYVCRETLQGLAYLHTKGKMHRDIKGANILLTDHGDVKLADFGVAAKITATIAKRKSFIGTPYWMAPEVAAVEKNGGYNQLCDIWAVGITAIELGELQPPMFDLHPMRALFLMSKSNFQPPKLKDKTKWSSTFHNFVKIALTKNPKKRPTAERLLTHTFVAQPGLSRALAVELLDKVNNPDNHAHYTEADDDDFEPHAIIRHTIRSTNRNARAERTASEINFDKLQFEPPLRKETEARDEMGLSSDPNFMLQWNPFVDGANTGKSTSKRAIPPPLPPKPRISSYPEDNFPDEEKASTIKHCPDSESRAPQILRRQSSPSCGPVAETSSIGNGDGISKLMSENTEGSAQAPQLPRKKDKRDFPKPAINGLPPTPKVLMGACFSKVFDGCPLKINCATSWIHPDTKDQYIIFGTEDGIYTLNLNELHEATMEQLFPRKCTWLYVINNTLMSLSVGKTFQLYSHNLIALFEHAKKPGLAAHIQTHRFPDRILPRKFALTTKIPDTKGCHKCCIVRNPYTGHKYLCGALQSGIVLLQWYEPMQKFMLIKHFDFPLPSPLNVFEMLVIPEQEYPMVCVAISKGTESNQVVQFETINLNSASSWFTEIGAGSQQLDSIHVTQLERDTVLVCLDKFVKIVNLQGKLKSSKKLASELSFDFRIESVVCLQDSVLAFWKHGMQGKSFKSDEVTQEISDETRVFRLLGSDRVVVLESRPTENPTAHSNLYILAGHENSY,11.200000128
CC(C)Nc1c(-c2ccc3[nH]ncc3c2)nc2ncccn12,MSANNSPPSAQKSVLPTAIPAVLPAASPCSSPKTGLSARLSNGSFSAPSLTNSRGSVHTVSFLLQIGLTRESVTIEAQELSLSAVKDLVCSIVYQKFPECGFFGMYDKILLFRHDMNSENILQLITSADEIHEGDLVEVVLSALATVEDFQIRPHTLYVHSYKAPTFCDYCGEMLWGLVRQGLKCEGCGLNYHKRCAFKIPNNCSGVRKRRLSNVSLPGPGLSVPRPLQPEYVALPSEESHVHQEPSKRIPSWSGRPIWMEKMVMCRVKVPHTFAVHSYTRPTICQYCKRLLKGLFRQGMQCKDCKFNCHKRCASKVPRDCLGEVTFNGEPSSLGTDTDIPMDIDNNDINSDSSRGLDDTEEPSPPEDKMFFLDPSDLDVERDEEAVKTISPSTSNNIPLMRVVQSIKHTKRKSSTMVKEGWMVHYTSRDNLRKRHYWRLDSKCLTLFQNESGSKYYKEIPLSEILRISSPRDFTNISQGSNPHCFEIITDTMVYFVGENNGDSSHNPVLAATGVGLDVAQSWEKAIRQALMPVTPQASVCTSPGQGKDHKDLSTSISVSNCQIQENVDISTVYQIFADEVLGSGQFGIVYGGKHRKTGRDVAIKVIDKMRFPTKQESQLRNEVAILQNLHHPGIVNLECMFETPERVFVVMEKLHGDMLEMILSSEKSRLPERITKFMVTQILVALRNLHFKNIVHCDLKPENVLLASAEPFPQVKLCDFGFARIIGEKSFRRSVVGTPAYLAPEVLRSKGYNRSLDMWSVGVIIYVSLSGTFPFNEDEDINDQIQNAAFMYPPNPWREISGEAIDLINNLLQVKMRKRYSVDKSLSHPWLQDYQTWLDLREFETRIGERYITHESDDARWEIHAYTHNLVYPKHFIMAPNPDDMEEDP,12.1
O=C1c2c(c3c4cc(O)cc(O)c4n(C4OC(CO)C(O)C(O)C4O)c3c3[nH]c4c(O)cc(O)cc4c23)C(=O)N1NC(CO)CO,MPSRTGPKMEGSGGRVRLKAHYGGDIFITSVDAATTFEELCEEVRDMCRLHQQHPLTLKWVDSEGDPCTVSSQMELEEAFRLARQCRDEGLIIHVFPSTPEQPGLPCPGEDKSIYRRGARRWRKLYRANGHLFQAKRFNRRAYCGQCSERIWGLARQGYRCINCKLLVHKRCHGLVPLTCRKHMDSVMPSQEPPVDDKNEDADLPSEETDGIAYISSSRKHDSIKDDSEDLKPVIDGMDGIKISQGLGLQDFDLIRVIGRGSYAKVLLVRLKKNDQIYAMKVVKKELVHDDEDIDWVQTEKHVFEQASSNPFLVGLHSCFQTTSRLFLVIEYVNGGDLMFHMQRQRKLPEEHARFYAAEICIALNFLHERGIIYRDLKLDNVLLDADGHIKLTDYGMCKEGLGPGDTTSTFCGTPNYIAPEILRGEEYGFSVDWWALGVLMFEMMAGRSPFDIITDNPDMNTEDYLFQVILEKPIRIPRFLSVKASHVLKGFLNKDPKERLGCRPQTGFSDIKSHAFFRSIDWDLLEKKQALPPFQPQITDDYGLDNFDTQFTSEPVQLTPDDEDAIKRIDQSEFEGFEYINPLLLSTEESV,9.798970004
COc1cc2ncnc(Nc3cccc(Cl)c3F)c2cc1CN(C)C(C)C(=O)N(C)C,MAEKQKHDGRVKIGHYVLGDTLGVGTFGKVKIGEHQLTGHKVAVKILNRQKIRSLDVVGKIKREIQNLKLFRHPHIIKLYQVISTPTDFFMVMEYVSGGELFDYICKHGRVEEMEARRLFQQILSAVDYCHRHMVVHRDLKPENVLLDAHMNAKIADFGLSNMMSDGEFLRTSCGSPNYAAPEVISGRLYAGPEVDIWSCGVILYALLCGTLPFDDEHVPTLFKKIRGGVFYIPEYLNRSVATLLMHMLQVDPLKRATIKDIREHEWFKQDLPSYLFPEDPSYDANVIDDEAVKEVCEKFECTESEVMNSLYSGDPQDQLAVAYHLIIDNRRIMNQASEFYLASSPPSGSFMDDSAMHIPPGLKPHPERMPPLIADSPKARCPLDALNTTKPKSLAVKKAKWHLGIRSQSKPYDIMAEVYRAMKQLDFEWKVVNAYHLRVRRKNPVTGNYVKMSLQLYLVDNRSYLLDFKSIDDEVVEQRSGSSTPQRSCSAAGLHRPRSSFDSTTAESHSLSGSLTGSLTGSTLSSVSPRLGSHTMDFFEMCASLITTLAR,11.1
NC(=O)c1cccc2[nH]c(-c3ccncc3)nc12,MGNAAAAKKGSEQESVKEFLAKAKEDFLKKWESPAQNTAHLDQFERIKTLGTGSFGRVMLVKHKETGNHYAMKILDKQKVVKLKQIEHTLNEKRILQAVNFPFLVKLEFSFKDNSNLYMVMEYVPGGEMFSHLRRIGRFSEPHARFYAAQIVLTFEYLHSLDLIYRDLKPENLLIDQQGYIQVTDFGFAKRVKGRTWTLCGTPEYLAPEIILSKGYNKAVDWWALGVLIYEMAAGYPPFFADQPIQIYEKIVSGKVRFPSHFSSDLKDLLRNLLQVDLTKRFGNLKNGVNDIKNHKWFATTDWIAIYQRKVEAPFIPKFKGPGDTSNFDDYEEEEIRVSINEKCGKEFSEF,11.500000186
CCOc1nc(C(=O)NCc2ccc(S(C)(=O)=O)cc2)cc(N)c1Cl,MAGRGSLVSWRAFHGCDSAEELPRVSPRFLRAWHPPPVSARMPTRRWAPGTQCITKCEHTRPKPGELAFRKGDVVTILEACENKSWYRVKHHTSGQEGLLAAGALREREALSADPKLSLMPWFHGKISGQEAVQQLQPPEDGLFLVRESARHPGDYVLCVSFGRDVIHYRVLHRDGHLTIDEAVFFCNLMDMVEHYSKDKGAICTKLVRPKRKHGTKSAEEELARAGWLLNLQHLTLGAQIGEGEFGAVLQGEYLGQKVAVKNIKCDVTAQAFLDETAVMTKMQHENLVRLLGVILHQGLYIVMEHVSKGNLVNFLRTRGRALVNTAQLLQFSLHVAEGMEYLESKKLVHRDLAARNILVSEDLVAKVSDFGLAKAERKGLDSSRLPVKWTAPEALKHGKFTSKSDVWSFGVLLWEVFSYGRAPYPKMSLKEVSEAVEKGYRMEPPEGCPGPVHVLMSSCWEAEPARRPPFRKLAEKLARELRSAGAPASVSGQDADGSTSPRSQEP,11.800000504
O=C(O)c1ccccc1Nc1ccnc(Nc2ccc3[nH]ncc3c2)n1,MLTKPLQGPPAPPGTPTPPPGGKDREAFEAEYRLGPLLGKGGFGTVFAGHRLTDRLQVAIKVIPRNRVLGWSPLSDSVTCPLEVALLWKVGAGGGHPGVIRLLDWFETQEGFMLVLERPLPAQDLFDYITEKGPLGEGPSRCFFGQVVAAIQHCHSRGVVHRDIKDENILIDLRRGCAKLIDFGSGALLHDEPYTDFDGTRVYSPPEWISRHQYHALPATVWSLGILLYDMVCGDIPFERDQEILEAELHFPAHVSPDCCALIRRCLAPKPSSRPSLEEILLDPWMQTPAEDVPLNPSKGGPAPLAWSLLP,13.000008766
CCOc1ccn(-c2ccc(F)cc2)c(=O)c1C(=O)Nc1ccc(Oc2ccnc(N)c2Cl)c(F)c1,MRPSGTAGAALLALLAALCPASRALEEKKVCQGTSNKLTQLGTFEDHFLSLQRMFNNCEVVLGNLEITYVQRNYDLSFLKTIQEVAGYVLIALNTVERIPLENLQIIRGNMYYENSYALAVLSNYDANKTGLKELPMRNLQEILHGAVRFSNNPALCNVESIQWRDIVSSDFLSNMSMDFQNHLGSCQKCDPSCPNGSCWGAGEENCQKLTKIICAQQCSGRCRGKSPSDCCHNQCAAGCTGPRESDCLVCRKFRDEATCKDTCPPLMLYNPTTYQMDVNPEGKYSFGATCVKKCPRNYVVTDHGSCVRACGADSYEMEEDGVRKCKKCEGPCRKVCNGIGIGEFKDSLSINATNIKHFKNCTSISGDLHILPVAFRGDSFTHTPPLDPQELDILKTVKEITGFLLIQAWPENRTDLHAFENLEIIRGRTKQHGQFSLAVVSLNITSLGLRSLKEISDGDVIISGNKNLCYANTINWKKLFGTSGQKTKIISNRGENSCKATGQVCHALCSPEGCWGPEPRDCVSCRNVSRGRECVDKCNLLEGEPREFVENSECIQCHPECLPQAMNITCTGRGPDNCIQCAHYIDGPHCVKTCPAGVMGENNTLVWKYADAGHVCHLCHPNCTYGCTGPGLEGCPTNGPKIPSIATGMVGALLLLLVVALGIGLFMRRRHIVRKRTLRRLLQERELVEPLTPSGEAPNQALLRILKETEFKKIKVLGSGAFGTVYKGLWIPEGEKVKIPVAIKELREATSPKANKEILDEAYVMASVDNPHVCRLLGICLTSTVQLITQLMPFGCLLDYVREHKDNIGSQYLLNWCVQIAKGMNYLEDRRLVHRDLAARNVLVKTPQHVKITDFGLAKLLGAEEKEYHAEGGKVPIKWMALESILHRIYTHQSDVWSYGVTVWELMTFGSKPYDGIPASEISSILEKGERLPQPPICTIDVYMIMVKCWMIDADSRPKFRELIIEFSKMARDPQRYLVIQGDERMHLPSPTDSNFYRALMDEEDMDDVVDADEYLIPQQGFFSSPSTSRTPLLSSLSATSNNSTVACIDRNGLQSCPIKEDSFLQRYSSDPTGALTEDSIDDTFLPVPEYINQSVPKRPAGSVQNPVYHNQPLNPAPSRDPHYQDPHSTAVGNPEYLNTVQPTCVNSTFDSPAHWAQKGSHQISLDNPDYQQDFFPKEAKPNGIFKGSTAENAEYLRVAPQSSEFIGA,11.798970004
COc1cccc(NC(=O)N2CCC(c3nc4c(C(N)=O)cccc4[nH]3)CC2)c1,MSTGDSFETRFEKMDNLLRDPKSEVNSDCLLDGLDALVYDLDFPALRKNKNIDNFLSRYKDTINKIRDLRMKAEDYEVVKVIGRGAFGEVQLVRHKSTRKVYAMKLLSKFEMIKRSDSAFFWEERDIMAFANSPWVVQLFYAFQDDRYLYMVMEYMPGGDLVNLMSNYDVPEKWARFYTAEVVLALDAIHSMGFIHRDVKPDNMLLDKSGHLKLADFGTCMKMNKEGMVRCDTAVGTPDYISPEVLKSQGGDGYYGRECDWWSVGVFLYEMLVGDTPFYADSLVGTYSKIMNHKNSLTFPDDNDISKEAKNLICAFLTDREVRLGRNGVEEIKRHLFFKNDQWAWETLRDTVAPVVPDLSSDIDTSNFDDLEEDKGEEETFPIPKAFVGNQLPFVGFTYYSNRRYLSSANPNDNRTSSNADKSLQESLQKTIYKLEEQLHNEMQLKDEMEQKCRTSNIKLDKIMKELDEEGNQRRNLESTVSQIEKEKMLLQHRINEYQRKAEQENEKRRNVENEVSTLKDQLEDLKKVSQNSQLANEKLSQLQKQLEEANDLLRTESDTAVRLRKSHTEMSKSISQLESLNRELQERNRILENSKSQTDKDYYQLQAILEAERRDRGHDSEMIGDLQARITSLQEEVKHLKHNLEKVEGERKEAQDMLNHSEKEKNNLEIDLNYKLKSLQQRLEQEVNEHKVTKARLTDKHQSIEEAKSVAMCEMEKKLKEEREAREKAENRVVQIEKQCSMLDVDLKQSQQKLEHLTGNKERMEDEVKNLTLQLEQESNKRLLLQNELKTQAFEADNLKGLEKQMKQEINTLLEAKRLLEFELAQLTKQYRGNEGQMRELQDQLEAEQYFSTLYKTQVKELKEEIEEKNRENLKKIQELQNEKETLATQLDLAETKAESEQLARGLLEEQYFELTQESKKAASRNRQEITDKDHTVSRLEEANSMLTKDIEILRRENEELTEKMKKAEEEYKLEKEEEISNLKAAFEKNINTERTLKTQAVNKLAEIMNRKDFKIDRKKANTQDLRKKEKENRKLQLELNQEREKFNQMVVKHQKELNDMQAQLVEECAHRNELQMQLASKESDIEQLRAKLLDLSDSTSVASFPSADETDGNLPESRIEGWLSVPNRGNIKRYGWKKQYVVVSSKKILFYNDEQDKEQSNPSMVLDIDKLFHVRPVTQGDVYRAETEEIPKIFQILYANEGECRKDVEMEPVQQAEKTNFQNHKGHEFIPTLYHFPANCDACAKPLWHVFKPPPALECRRCHVKCHRDHLDKKEDLICPCKVSYDVTSARDMLLLACSQDEQKKWVTHLVKKIPKNPPSGFVRASPRTLSTRSTANQSFRKVVKNTSGKTS,12.1
CC(C)C(C)Nc1ncc(Cl)c(Nc2nccs2)n1,MSGRPRTTSFAESCKPVQQPSAFGSMKVSRDKDGSKVTTVVATPGQGPDRPQEVSYTDTKVIGNGSFGVVYQAKLCDSGELVAIKKVLQDKRFKNRELQIMRKLDHCNIVRLRYFFYSSGEKKDEVYLNLVLDYVPETVYRVARHYSRAKQTLPVIYVKLYMYQLFRSLAYIHSFGICHRDIKPQNLLLDPDTAVLKLCDFGSAKQLVRGEPNVSYICSRYYRAPELIFGATDYTSSIDVWSAGCVLAELLLGQPIFPGDSGVDQLVEIIKVLGTPTREQIREMNPNYTEFKFPQIKAHPWTKVFRPRTPPEAIALCSRLLEYTPTARLTPLEACAHSFFDELRDPNVKLPNGRDTPALFNFTTQELSSNPPLATILIPPHARIQAAASTPTNATAASDANTGDRGQTNNAASASASNST,11.500000186
